inspection_id,vehicle_id,model,plant,component_id,component_type,supplier,inspection_date,fault_code,fault_type,severity,sensor_value,inspection_result,repair_action
INS0001,V0242,MODEL_C,Plant_2,CMP0108,Battery,Supplier_C,2026-05-07,BAT_TEMP,Overheating,Medium,35.3,Fail,Inspect cooling system
INS0002,V0357,MODEL_B,Plant_2,CMP0118,Battery,Supplier_B,2026-06-05,BAT_TEMP,Overheating,Low,43.39,Fail,Inspect cooling system
INS0003,V0278,MODEL_A,Plant_2,CMP0111,Temperature Sensor,Supplier_A,2026-01-07,TEMP_DRIFT,Signal Drift,High,-15.72,Fail,Perform sensor calibration
INS0004,V0481,MODEL_B,Plant_3,CMP0120,Brake Sensor,Supplier_C,2026-07-15,SIG_ERR,Signal Error,Medium,52.76,Fail,Inspect sensor connection
INS0005,V0475,MODEL_A,Plant_2,CMP0285,Brake Sensor,Supplier_A,2026-04-28,NO_SIG,No Signal,Medium,21.88,Fail,Check wiring and connector
INS0006,V0062,MODEL_C,Plant_2,CMP0257,Temperature Sensor,Supplier_A,2026-07-05,TEMP_INV,Invalid Reading,Medium,68.11,Fail,Replace or recalibrate sensor
INS0007,V0499,MODEL_B,Plant_3,CMP0202,Brake Sensor,Supplier_C,2026-03-14,NO_SIG,No Signal,High,18.98,Fail,Check wiring and connector
INS0008,V0213,MODEL_C,Plant_1,CMP0188,Temperature Sensor,Supplier_A,2026-07-24,TEMP_DRIFT,Signal Drift,Medium,13.98,Fail,Perform sensor calibration
INS0009,V0340,MODEL_C,Plant_1,CMP0084,Temperature Sensor,Supplier_C,2026-01-23,NO_SIG,No Signal,Medium,83.35,Fail,Check wiring and connector
INS0010,V0023,MODEL_B,Plant_3,CMP0297,Temperature Sensor,Supplier_B,2026-01-08,TEMP_DRIFT,Signal Drift,Medium,48.56,Fail,Perform sensor calibration
INS0011,V0395,MODEL_A,Plant_3,CMP0281,Brake Sensor,Supplier_C,2026-02-28,SIG_ERR,Signal Error,Low,16.86,Fail,Inspect sensor connection
INS0012,V0466,MODEL_B,Plant_3,CMP0281,Battery,Supplier_B,2026-04-01,BAT_TEMP,Overheating,Medium,70.85,Fail,Inspect cooling system
INS0013,V0263,MODEL_A,Plant_3,CMP0288,Temperature Sensor,Supplier_C,2026-08-08,TEMP_INV,Invalid Reading,High,33.72,Fail,Replace or recalibrate sensor
INS0014,V0482,MODEL_C,Plant_2,CMP0249,Battery,Supplier_B,2026-05-22,BAT_TEMP,Overheating,Low,41.88,Fail,Inspect cooling system
INS0015,V0403,MODEL_C,Plant_2,CMP0235,Brake Sensor,Supplier_B,2026-05-19,CAL_ERR,Calibration Error,High,0.16,Fail,Recalibrate sensor
INS0016,V0093,MODEL_A,Plant_3,CMP0131,Temperature Sensor,Supplier_A,2026-05-21,TEMP_INV,Invalid Reading,High,68.95,Fail,Replace or recalibrate sensor
INS0017,V0008,MODEL_B,Plant_1,CMP0138,Battery,Supplier_C,2026-01-05,BAT_TEMP,Overheating,Medium,24.99,Fail,Inspect cooling system
INS0018,V0082,MODEL_B,Plant_3,CMP0087,Battery,Supplier_C,2026-01-18,BAT_TEMP,Overheating,Low,40.67,Fail,Inspect cooling system
INS0019,V0165,MODEL_B,Plant_2,CMP0059,Temperature Sensor,Supplier_B,2026-04-27,NO_SIG,No Signal,High,79.62,Fail,Check wiring and connector
INS0020,V0130,MODEL_C,Plant_3,CMP0108,Battery,Supplier_B,2026-03-08,BAT_TEMP,Overheating,Low,67.77,Fail,Inspect cooling system
INS0021,V0019,MODEL_C,Plant_1,CMP0229,Temperature Sensor,Supplier_B,2026-04-12,TEMP_INV,Invalid Reading,Low,11.55,Fail,Replace or recalibrate sensor
INS0022,V0500,MODEL_C,Plant_3,CMP0265,Temperature Sensor,Supplier_C,2026-08-02,NO_SIG,No Signal,Low,39.73,Fail,Check wiring and connector
INS0023,V0295,MODEL_B,Plant_3,CMP0219,Brake Sensor,Supplier_A,2026-04-12,NO_SIG,No Signal,High,64.85,Fail,Check wiring and connector
INS0024,V0157,MODEL_A,Plant_1,CMP0159,Battery,Supplier_C,2026-02-24,BAT_VOLT,Voltage Drop,Low,27.54,Fail,Check battery voltage
INS0025,V0005,MODEL_C,Plant_1,CMP0112,Brake Sensor,Supplier_C,2026-03-06,SIG_ERR,Signal Error,Low,9999.0,Fail,Inspect sensor connection
INS0026,V0319,MODEL_C,Plant_1,CMP0194,Temperature Sensor,Supplier_B,2026-08-11,TEMP_INV,Invalid Reading,High,95.91,Fail,Replace or recalibrate sensor
INS0027,V0100,MODEL_B,Plant_1,CMP0200,Battery,Supplier_B,2026-04-21,BAT_TEMP,Overheating,High,60.45,Fail,Inspect cooling system
INS0028,V0461,MODEL_B,Plant_1,CMP0081,Brake Sensor,Supplier_C,2026-06-06,CAL_ERR,Calibration Error,Medium,1.72,Fail,Recalibrate sensor
INS0029,V0346,MODEL_A,Plant_2,CMP0281,Battery,Supplier_B,2026-02-24,BAT_CELL,Cell Imbalance,Medium,40.35,Fail,Inspect battery cells
INS0030,V0034,MODEL_C,Plant_1,CMP0044,Brake Sensor,Supplier_C,2026-05-17,NO_SIG,No Signal,Low,48.45,Fail,Check wiring and connector
INS0031,V0389,MODEL_B,Plant_3,CMP0260,Battery,Supplier_A,2026-02-24,BAT_TEMP,Overheating,Medium,74.66,Fail,Inspect cooling system
INS0032,V0445,MODEL_C,Plant_3,CMP0251,Brake Sensor,Supplier_B,2026-03-16,CAL_ERR,Calibration Error,Low,34.03,Fail,Recalibrate sensor
INS0033,V0209,MODEL_A,Plant_2,CMP0076,Battery,Supplier_C,2026-03-24,BAT_CELL,Cell Imbalance,Low,66.22,Fail,Inspect battery cells
INS0034,V0293,MODEL_C,Plant_1,CMP0290,Battery,Supplier_B,2026-04-07,BAT_TEMP,Overheating,Low,66.91,Fail,Inspect cooling system
INS0035,V0235,MODEL_B,Plant_1,CMP0024,Battery,Supplier_B,2026-08-25,BAT_VOLT,Voltage Drop,Low,53.87,Fail,Check battery voltage
INS0036,V0059,MODEL_A,Plant_1,CMP0123,Brake Sensor,Supplier_A,2026-01-24,NO_SIG,No Signal,Medium,67.04,Fail,Check wiring and connector
INS0037,V0124,MODEL_A,Plant_3,CMP0053,Temperature Sensor,Supplier_B,2026-02-12,TEMP_INV,Invalid Reading,High,-3.82,Fail,Replace or recalibrate sensor
INS0038,V0130,MODEL_C,Plant_2,CMP0162,Brake Sensor,Supplier_B,2026-03-17,NO_SIG,No Signal,High,90.92,Fail,Check wiring and connector
INS0039,V0403,MODEL_B,Plant_3,CMP0164,Battery,Supplier_A,2026-01-07,BAT_CELL,Cell Imbalance,Low,39.04,Fail,Inspect battery cells
INS0040,V0497,MODEL_C,Plant_2,CMP0058,Brake Sensor,Supplier_B,2026-01-17,,Calibration Error,Medium,39.86,Fail,Recalibrate sensor
INS0041,V0445,MODEL_C,Plant_2,CMP0183,Brake Sensor,Supplier_A,2026-08-17,NO_SIG,No Signal,High,77.79,Fail,Check wiring and connector
INS0042,V0185,MODEL_A,Plant_2,CMP0046,Brake Sensor,Supplier_A,2026-02-20,NO_SIG,No Signal,Low,20.78,Fail,Check wiring and connector
INS0043,V0200,MODEL_B,Plant_1,CMP0168,Brake Sensor,Supplier_A,2026-03-28,NO_SIG,No Signal,Low,57.44,Fail,Check wiring and connector
INS0044,V0279,MODEL_C,Plant_3,CMP0048,Battery,Supplier_B,2026-03-27,BAT_CELL,Cell Imbalance,Low,38.17,Fail,Inspect battery cells
INS0045,V0138,MODEL_C,Plant_1,CMP0039,Battery,Supplier_A,2026-04-13,BAT_TEMP,Overheating,Low,68.5,Fail,Inspect cooling system
INS0046,V0253,MODEL_B,Plant_1,CMP0052,Battery,Supplier_C,2026-07-22,BAT_TEMP,Overheating,Medium,37.45,Fail,Inspect cooling system
INS0047,V0092,MODEL_A,Plant_1,CMP0164,Temperature Sensor,Supplier_B,2026-06-20,TEMP_INV,Invalid Reading,Low,51.3,Fail,Replace or recalibrate sensor
INS0048,V0151,MODEL_A,Plant_1,CMP0073,Brake Sensor,Supplier_A,2026-08-24,NO_SIG,No Signal,High,51.44,Fail,Check wiring and connector
INS0049,V0412,MODEL_C,Plant_3,CMP0106,Temperature Sensor,Supplier_C,2026-07-30,TEMP_INV,Invalid Reading,High,89.16,Fail,Replace or recalibrate sensor
INS0050,V0127,MODEL_B,Plant_1,CMP0229,Battery,Supplier_B,2026-08-09,BAT_VOLT,Voltage Drop,High,22.91,Fail,Check battery voltage
INS0051,V0233,MODEL_A,Plant_2,CMP0174,Brake Sensor,Supplier_C,2026-08-06,CAL_ERR,Calibration Error,High,54.14,Fail,Recalibrate sensor
INS0052,V0010,MODEL_A,Plant_3,CMP0182,Battery,Supplier_B,2026-04-17,BAT_TEMP,Overheating,High,58.79,Fail,Inspect cooling system
INS0053,V0204,MODEL_C,Plant_2,CMP0089,Temperature Sensor,Supplier_A,2026-03-08,NO_SIG,No Signal,Medium,-2.48,Fail,Check wiring and connector
INS0054,V0163,MODEL_C,Plant_3,CMP0225,Temperature Sensor,Supplier_A,2026-02-15,TEMP_INV,Invalid Reading,High,48.04,Fail,Replace or recalibrate sensor
INS0055,V0352,MODEL_B,Plant_1,CMP0212,Temperature Sensor,Supplier_C,2026-03-22,NO_SIG,No Signal,Medium,11.6,Fail,Check wiring and connector
INS0056,V0141,MODEL_C,Plant_1,CMP0025,Brake Sensor,Supplier_C,2026-08-23,NO_SIG,No Signal,High,90.69,Fail,Check wiring and connector
INS0057,V0393,MODEL_A,Plant_2,CMP0153,Battery,,2026-02-10,BAT_CELL,Cell Imbalance,High,72.65,Fail,Inspect battery cells
INS0058,V0378,MODEL_B,Plant_3,CMP0044,Temperature Sensor,Supplier_B,2026-06-29,NO_SIG,No Signal,High,32.03,Fail,Check wiring and connector
INS0059,V0129,MODEL_B,Plant_1,CMP0292,Battery,Supplier_C,2026-02-15,BAT_CELL,Cell Imbalance,Low,54.27,Fail,Inspect battery cells
INS0060,V0179,MODEL_B,Plant_3,CMP0085,Temperature Sensor,Supplier_A,2026-07-03,TEMP_DRIFT,Signal Drift,High,75.43,Fail,Perform sensor calibration
INS0061,V0322,MODEL_A,Plant_2,CMP0043,Temperature Sensor,Supplier_C,2026-01-24,TEMP_INV,Invalid Reading,Medium,53.38,Fail,Replace or recalibrate sensor
INS0062,V0436,MODEL_A,Plant_2,CMP0222,Battery,Supplier_C,2026-01-21,BAT_CELL,Cell Imbalance,Medium,61.2,Fail,Inspect battery cells
INS0063,V0492,MODEL_A,Plant_1,CMP0221,Brake Sensor,Supplier_A,2026-06-09,CAL_ERR,Calibration Error,Medium,43.81,Fail,Recalibrate sensor
INS0064,V0143,MODEL_A,Plant_2,CMP0287,Temperature Sensor,Supplier_C,2026-06-19,TEMP_DRIFT,Signal Drift,Medium,107.3,Fail,Perform sensor calibration
INS0065,V0322,MODEL_C,Plant_1,CMP0134,Battery,Supplier_A,2026-01-06,BAT_CELL,Cell Imbalance,Low,46.33,Fail,Inspect battery cells
INS0066,V0160,MODEL_C,Plant_2,CMP0229,Battery,Supplier_A,2026-02-21,BAT_VOLT,Voltage Drop,Medium,28.9,Fail,Check battery voltage
INS0067,V0394,MODEL_A,Plant_3,CMP0197,Battery,Supplier_C,2026-08-08,BAT_VOLT,Voltage Drop,Low,49.45,Fail,Check battery voltage
INS0068,V0007,MODEL_C,Plant_2,CMP0070,Battery,Supplier_B,2026-05-26,BAT_TEMP,Overheating,High,21.45,Fail,Inspect cooling system
INS0069,V0258,MODEL_C,Plant_2,CMP0271,Battery,Supplier_C,2026-03-21,BAT_VOLT,Voltage Drop,Medium,54.35,Fail,Check battery voltage
INS0070,V0157,MODEL_C,Plant_2,CMP0174,Brake Sensor,Supplier_A,2026-04-26,SIG_ERR,Signal Error,Medium,44.23,Fail,Inspect sensor connection
INS0071,V0196,MODEL_A,Plant_3,CMP0002,Temperature Sensor,Supplier_C,2026-06-15,NO_SIG,No Signal,Medium,48.92,Fail,Check wiring and connector
INS0072,V0262,MODEL_A,Plant_2,CMP0265,Brake Sensor,Supplier_C,2026-07-09,NO_SIG,No Signal,High,72.23,Fail,Check wiring and connector
INS0073,V0088,MODEL_B,Plant_3,CMP0272,Brake Sensor,Supplier_C,2026-03-20,NO_SIG,No Signal,High,98.76,Fail,Check wiring and connector
INS0074,V0173,MODEL_C,Plant_3,CMP0035,Battery,Supplier_B,2026-04-20,BAT_TEMP,Overheating,Medium,43.35,Fail,Inspect cooling system
INS0075,V0323,MODEL_A,Plant_2,CMP0080,Brake Sensor,Supplier_C,2026-06-16,SIG_ERR,Signal Error,Medium,64.04,Fail,Inspect sensor connection
INS0076,V0418,MODEL_C,Plant_1,CMP0179,Temperature Sensor,Supplier_B,2026-07-16,TEMP_DRIFT,Signal Drift,Low,98.48,Fail,Perform sensor calibration
INS0077,V0078,MODEL_B,Plant_2,CMP0249,Brake Sensor,Supplier_C,2026-05-20,CAL_ERR,Calibration Error,Medium,87.39,Fail,Recalibrate sensor
INS0078,V0217,MODEL_A,Plant_2,CMP0035,Battery,Supplier_B,2026-07-10,BAT_TEMP,Overheating,High,50.62,Fail,Inspect cooling system
INS0079,V0354,MODEL_A,Plant_2,CMP0142,Temperature Sensor,Supplier_B,2026-07-01,TEMP_INV,Invalid Reading,Low,2.98,Fail,Replace or recalibrate sensor
INS0080,V0138,MODEL_A,Plant_1,CMP0268,Temperature Sensor,Supplier_B,2026-03-02,TEMP_INV,Invalid Reading,Medium,53.93,Fail,Replace or recalibrate sensor
INS0081,V0087,MODEL_B,Plant_3,CMP0285,Temperature Sensor,Supplier_B,2026-07-08,TEMP_DRIFT,Signal Drift,Low,51.61,Fail,Perform sensor calibration
INS0082,V0205,MODEL_A,Plant_2,CMP0133,Brake Sensor,Supplier_B,2026-04-11,NO_SIG,No Signal,High,73.98,Fail,Check wiring and connector
INS0083,V0126,MODEL_C,Plant_1,CMP0207,Temperature Sensor,Supplier_B,2026-06-06,NO_SIG,No Signal,High,11.12,Fail,Check wiring and connector
INS0084,V0321,MODEL_C,Plant_1,CMP0297,Brake Sensor,Supplier_B,2026-02-18,SIG_ERR,Signal Error,Low,78.54,Fail,Inspect sensor connection
INS0085,V0270,MODEL_A,Plant_1,CMP0071,Brake Sensor,Supplier_C,2026-03-09,NO_SIG,No Signal,Medium,14.82,Fail,Check wiring and connector
INS0086,V0060,MODEL_C,Plant_1,CMP0157,Temperature Sensor,Supplier_B,2026-04-13,TEMP_DRIFT,Signal Drift,Low,23.37,Fail,Perform sensor calibration
INS0087,V0490,MODEL_A,Plant_1,CMP0029,Battery,Supplier_A,2026-05-07,BAT_TEMP,Overheating,Low,43.82,Fail,Inspect cooling system
INS0088,V0271,MODEL_C,Plant_3,CMP0227,Temperature Sensor,Supplier_A,2026-05-07,TEMP_INV,Invalid Reading,High,75.66,Fail,Replace or recalibrate sensor
INS0089,V0049,MODEL_A,Plant_2,CMP0120,Brake Sensor,Supplier_C,2026-06-27,CAL_ERR,Calibration Error,Low,11.81,Fail,Recalibrate sensor
INS0090,V0420,MODEL_B,Plant_2,CMP0281,Brake Sensor,Supplier_B,2026-03-01,CAL_ERR,Calibration Error,Low,75.06,Fail,Recalibrate sensor
INS0091,V0255,MODEL_C,Plant_1,CMP0110,Temperature Sensor,Supplier_B,2026-03-08,TEMP_INV,Invalid Reading,Medium,43.24,Fail,Replace or recalibrate sensor
INS0092,V0164,MODEL_B,Plant_3,CMP0148,Battery,Supplier_A,2026-08-08,BAT_TEMP,Overheating,Medium,67.85,Fail,Inspect cooling system
INS0093,V0008,MODEL_B,Plant_1,CMP0278,Battery,Supplier_B,2026-02-08,BAT_TEMP,Overheating,Low,65.51,Fail,Inspect cooling system
INS0094,V0334,MODEL_B,Plant_1,CMP0019,Battery,Supplier_C,2026-01-21,BAT_VOLT,Voltage Drop,Medium,35.25,Fail,Check battery voltage
INS0095,V0400,MODEL_A,Plant_2,CMP0047,Temperature Sensor,Supplier_A,2026-01-11,NO_SIG,No Signal,Medium,97.69,Fail,Check wiring and connector
INS0096,V0352,MODEL_A,Plant_3,CMP0230,Battery,Supplier_A,2026-07-10,BAT_VOLT,Voltage Drop,Medium,58.25,Fail,Check battery voltage
INS0097,V0326,MODEL_A,Plant_1,CMP0031,Brake Sensor,Supplier_B,2026-03-08,NO_SIG,No Signal,High,9999.0,Fail,Check wiring and connector
INS0098,V0287,MODEL_C,Plant_3,CMP0032,Temperature Sensor,Supplier_C,2026-06-04,TEMP_INV,Invalid Reading,Critical,28.95,Fail,Replace or recalibrate sensor
INS0099,V0218,MODEL_C,Plant_1,CMP0137,Brake Sensor,Supplier_C,2026-07-02,CAL_ERR,Calibration Error,High,53.81,Fail,Recalibrate sensor
INS0100,V0091,MODEL_A,Plant_1,CMP0031,Temperature Sensor,Supplier_C,2026-01-19,NO_SIG,No Signal,Medium,116.13,Fail,Check wiring and connector
INS0101,V0241,MODEL_C,Plant_2,CMP0051,Battery,Supplier_B,2026-07-28,BAT_TEMP,Overheating,High,25.47,Fail,Inspect cooling system
INS0102,V0066,MODEL_B,Plant_3,CMP0229,Brake Sensor,Supplier_A,2026-04-24,SIG_ERR,Signal Error,High,53.15,Fail,Inspect sensor connection
INS0103,V0044,MODEL_B,Plant_1,CMP0197,Battery,Supplier_C,2026-03-06,,Cell Imbalance,Medium,36.2,Fail,Inspect battery cells
INS0104,V0407,MODEL_B,Plant_1,CMP0156,Battery,Supplier_C,2026-02-03,BAT_VOLT,Voltage Drop,Medium,38.79,Fail,Check battery voltage
INS0105,V0261,MODEL_B,Plant_3,CMP0247,Battery,Supplier_B,2026-08-25,BAT_TEMP,Overheating,Medium,32.32,Fail,Inspect cooling system
INS0106,V0369,MODEL_C,Plant_3,CMP0267,Battery,Supplier_A,2026-05-15,BAT_CELL,Cell Imbalance,High,68.88,Fail,Inspect battery cells
INS0107,V0200,MODEL_C,Plant_2,CMP0050,Temperature Sensor,Supplier_A,2026-02-21,TEMP_DRIFT,Signal Drift,Medium,84.05,Fail,Perform sensor calibration
INS0108,V0418,MODEL_C,Plant_3,CMP0161,Brake Sensor,Supplier_B,2026-01-12,SIG_ERR,Signal Error,Medium,57.49,Fail,Inspect sensor connection
INS0109,V0384,MODEL_C,Plant_3,CMP0005,Brake Sensor,Supplier_B,2026-03-25,CAL_ERR,Calibration Error,High,35.26,Fail,Recalibrate sensor
INS0110,V0402,MODEL_B,Plant_3,CMP0036,Temperature Sensor,Supplier_A,2026-07-06,TEMP_INV,Invalid Reading,Medium,24.4,Fail,Replace or recalibrate sensor
INS0111,V0497,MODEL_B,Plant_1,CMP0297,Brake Sensor,Supplier_B,2026-04-04,CAL_ERR,Calibration Error,High,45.41,Fail,Recalibrate sensor
INS0112,V0402,MODEL_A,Plant_3,CMP0294,Battery,Supplier_A,2026-05-28,BAT_TEMP,Overheating,Medium,51.42,Fail,Inspect cooling system
INS0113,V0190,MODEL_B,Plant_2,CMP0238,Temperature Sensor,Supplier_B,2026-07-24,TEMP_DRIFT,Signal Drift,High,118.68,Fail,Perform sensor calibration
INS0114,V0129,MODEL_C,Plant_1,CMP0289,Temperature Sensor,Supplier_B,2026-01-08,NO_SIG,No Signal,Low,51.06,Fail,Check wiring and connector
INS0115,V0318,MODEL_A,Plant_1,CMP0280,Battery,Supplier_A,2026-08-29,BAT_TEMP,Overheating,High,65.98,Fail,Inspect cooling system
INS0116,V0324,MODEL_C,Plant_3,CMP0041,Temperature Sensor,Supplier_B,2026-03-08,NO_SIG,No Signal,Low,-5.03,Fail,Check wiring and connector
INS0117,V0012,MODEL_C,Plant_2,CMP0250,Battery,Supplier_A,2026-05-11,BAT_CELL,Cell Imbalance,Medium,70.3,Fail,Inspect battery cells
INS0118,V0444,MODEL_A,Plant_2,CMP0232,Temperature Sensor,Supplier_B,2026-06-03,TEMP_INV,Invalid Reading,Medium,104.78,Fail,Replace or recalibrate sensor
INS0119,V0372,MODEL_A,Plant_2,CMP0209,Temperature Sensor,Supplier_B,2026-02-18,NO_SIG,No Signal,Medium,107.77,Fail,Check wiring and connector
INS0120,V0449,MODEL_B,Plant_1,CMP0207,Battery,Supplier_A,2026-04-08,BAT_CELL,Cell Imbalance,High,51.92,Fail,Inspect battery cells
INS0121,V0436,MODEL_B,Plant_1,CMP0098,Temperature Sensor,Supplier_C,2026-01-11,NO_SIG,No Signal,Medium,61.84,Fail,Check wiring and connector
INS0122,V0421,MODEL_B,Plant_3,CMP0162,Brake Sensor,Supplier_C,2026-05-19,NO_SIG,No Signal,Low,64.21,Fail,Check wiring and connector
INS0123,V0211,MODEL_C,Plant_3,CMP0210,Temperature Sensor,Supplier_C,2026-03-14,NO_SIG,No Signal,High,119.13,Fail,Check wiring and connector
INS0124,V0260,MODEL_B,Plant_3,CMP0072,Temperature Sensor,Supplier_C,2026-03-19,NO_SIG,No Signal,Low,23.09,Fail,Check wiring and connector
INS0125,V0339,MODEL_C,Plant_1,CMP0189,Temperature Sensor,Supplier_A,2026-04-19,TEMP_DRIFT,Signal Drift,High,69.13,Fail,Perform sensor calibration
INS0126,V0010,MODEL_A,Plant_1,CMP0003,Brake Sensor,Supplier_B,2026-08-18,CAL_ERR,Calibration Error,High,93.65,Fail,Recalibrate sensor
INS0127,V0326,MODEL_C,Plant_2,CMP0173,Brake Sensor,Supplier_B,2026-07-20,CAL_ERR,Calibration Error,Medium,27.2,Fail,Recalibrate sensor
INS0128,V0076,MODEL_A,Plant_1,CMP0134,Brake Sensor,Supplier_B,2026-02-07,SIG_ERR,Signal Error,Medium,48.37,Fail,Inspect sensor connection
INS0129,V0481,MODEL_C,Plant_2,CMP0216,Brake Sensor,Supplier_A,2026-04-16,NO_SIG,No Signal,Medium,78.62,Fail,Check wiring and connector
INS0130,V0111,MODEL_C,Plant_2,CMP0206,Temperature Sensor,Supplier_B,2026-08-22,TEMP_DRIFT,Signal Drift,Medium,27.03,Fail,Perform sensor calibration
INS0131,V0118,MODEL_C,Plant_1,CMP0053,Temperature Sensor,Supplier_B,2026-02-22,TEMP_INV,Invalid Reading,Low,-10.98,Fail,Replace or recalibrate sensor
INS0132,V0333,MODEL_C,Plant_1,CMP0002,Brake Sensor,Supplier_A,2026-01-26,CAL_ERR,Calibration Error,Medium,77.47,Fail,Recalibrate sensor
INS0133,V0217,MODEL_B,Plant_1,CMP0053,Battery,Supplier_B,2026-02-25,BAT_CELL,Cell Imbalance,High,23.05,Fail,Inspect battery cells
INS0134,V0061,MODEL_B,Plant_3,CMP0143,Temperature Sensor,Supplier_C,2026-06-21,NO_SIG,No Signal,High,38.75,Fail,Check wiring and connector
INS0135,V0045,MODEL_B,Plant_1,CMP0230,Battery,Supplier_B,2026-06-23,BAT_CELL,Cell Imbalance,High,67.19,Fail,Inspect battery cells
INS0136,V0311,MODEL_B,Plant_1,CMP0077,Brake Sensor,Supplier_C,2026-04-11,NO_SIG,No Signal,Low,49.8,Fail,Check wiring and connector
INS0137,V0214,MODEL_C,Plant_3,CMP0148,Brake Sensor,Supplier_C,2026-05-14,NO_SIG,No Signal,Medium,20.12,Fail,Check wiring and connector
INS0138,V0173,MODEL_B,Plant_1,CMP0005,Brake Sensor,Supplier_C,2026-07-21,NO_SIG,No Signal,High,91.3,Fail,Check wiring and connector
INS0139,V0029,MODEL_C,Plant_3,CMP0226,Temperature Sensor,Supplier_C,2026-07-01,TEMP_DRIFT,Signal Drift,Medium,109.61,Fail,Perform sensor calibration
INS0140,V0127,MODEL_B,Plant_1,CMP0067,Brake Sensor,Supplier_A,2026-03-11,SIG_ERR,Signal Error,High,50.8,Fail,Inspect sensor connection
INS0141,V0273,MODEL_C,Plant_3,CMP0077,Brake Sensor,Supplier_A,2026-06-03,CAL_ERR,Calibration Error,Low,56.08,Fail,Recalibrate sensor
INS0142,V0252,MODEL_A,Plant_2,CMP0189,Brake Sensor,Supplier_B,2026-03-20,CAL_ERR,Calibration Error,Medium,48.01,Fail,Recalibrate sensor
INS0143,V0379,MODEL_C,Plant_3,CMP0231,Temperature Sensor,Supplier_B,2026-06-05,TEMP_INV,Invalid Reading,Low,27.38,Fail,Replace or recalibrate sensor
INS0144,V0070,MODEL_C,Plant_1,CMP0162,Temperature Sensor,Supplier_A,2026-05-16,TEMP_INV,Invalid Reading,High,50.55,Fail,Replace or recalibrate sensor
INS0145,V0358,MODEL_B,Plant_1,CMP0046,Temperature Sensor,Supplier_B,2026-02-02,TEMP_DRIFT,Signal Drift,Low,26.21,Fail,Perform sensor calibration
INS0146,V0060,MODEL_A,Plant_3,CMP0103,Temperature Sensor,Supplier_C,2026-02-14,NO_SIG,No Signal,High,-13.0,Fail,Check wiring and connector
INS0147,V0003,MODEL_A,Plant_2,CMP0113,Temperature Sensor,Supplier_C,2026-04-19,NO_SIG,No Signal,Medium,103.8,Fail,Check wiring and connector
INS0148,V0138,MODEL_C,Plant_3,CMP0266,Battery,Supplier_C,2026-06-10,BAT_TEMP,Overheating,Medium,36.81,Fail,Inspect cooling system
INS0149,V0129,MODEL_A,Plant_3,CMP0294,Brake Sensor,Supplier_A,2026-02-05,SIG_ERR,Signal Error,Low,32.98,Fail,Inspect sensor connection
INS0150,V0128,MODEL_B,Plant_3,CMP0026,Battery,Supplier_B,2026-03-18,BAT_TEMP,Overheating,Medium,79.93,Fail,Inspect cooling system
INS0151,V0479,MODEL_C,Plant_3,CMP0124,Brake Sensor,Supplier_A,2026-04-13,SIG_ERR,Signal Error,Medium,13.9,Fail,Inspect sensor connection
INS0152,V0491,MODEL_A,Plant_2,CMP0065,Battery,Supplier_C,2026-05-12,,Voltage Drop,Medium,36.42,Fail,Check battery voltage
INS0153,V0372,MODEL_C,Plant_2,CMP0289,Temperature Sensor,Supplier_B,2026-05-28,TEMP_DRIFT,Signal Drift,High,-7.25,Fail,Perform sensor calibration
INS0154,V0155,MODEL_C,Plant_1,CMP0028,Brake Sensor,Supplier_C,2026-02-26,CAL_ERR,Calibration Error,High,30.11,Fail,Recalibrate sensor
INS0155,V0141,MODEL_C,Plant_1,CMP0129,Temperature Sensor,Supplier_C,2026-02-25,TEMP_INV,Invalid Reading,Medium,4.52,Fail,Replace or recalibrate sensor
INS0156,V0363,MODEL_A,Plant_3,CMP0192,Temperature Sensor,Supplier_B,2026-02-02,NO_SIG,No Signal,Medium,16.64,Fail,Check wiring and connector
INS0157,V0260,MODEL_C,Plant_3,CMP0016,Battery,Supplier_C,2026-05-23,BAT_CELL,Cell Imbalance,High,41.79,Fail,Inspect battery cells
INS0158,V0468,MODEL_C,Plant_1,CMP0111,Temperature Sensor,Supplier_B,2026-02-09,TEMP_DRIFT,Signal Drift,Low,75.54,Fail,Perform sensor calibration
INS0159,V0435,MODEL_B,Plant_2,CMP0208,Brake Sensor,Supplier_B,2026-02-10,CAL_ERR,Calibration Error,Low,88.86,Fail,Recalibrate sensor
INS0160,V0410,MODEL_C,Plant_3,CMP0005,Battery,Supplier_C,2026-06-20,BAT_TEMP,Overheating,High,36.19,Fail,Inspect cooling system
INS0161,V0483,MODEL_A,Plant_2,CMP0016,Temperature Sensor,Supplier_A,2026-07-11,NO_SIG,No Signal,High,-1.44,Fail,Check wiring and connector
INS0162,V0210,MODEL_B,Plant_3,CMP0237,Brake Sensor,Supplier_C,2026-08-27,NO_SIG,No Signal,Medium,42.23,Fail,Check wiring and connector
INS0163,V0358,MODEL_A,Plant_1,CMP0057,Battery,Supplier_A,2026-06-15,BAT_VOLT,Voltage Drop,High,66.75,Fail,Check battery voltage
INS0164,V0139,MODEL_C,Plant_3,CMP0183,Temperature Sensor,Supplier_A,2026-04-02,NO_SIG,No Signal,High,51.13,Fail,Check wiring and connector
INS0165,V0055,MODEL_C,Plant_2,CMP0082,Brake Sensor,Supplier_C,2026-06-09,SIG_ERR,Signal Error,Low,92.75,Fail,Inspect sensor connection
INS0166,V0178,MODEL_B,Plant_3,CMP0029,Battery,Supplier_A,2026-08-14,BAT_CELL,Cell Imbalance,High,38.82,Fail,Inspect battery cells
INS0167,V0226,MODEL_C,Plant_1,CMP0266,Temperature Sensor,Supplier_B,2026-03-17,TEMP_DRIFT,Signal Drift,Medium,32.68,Fail,Perform sensor calibration
INS0168,V0089,MODEL_C,Plant_3,CMP0250,Battery,Supplier_A,2026-08-17,BAT_VOLT,Voltage Drop,High,60.38,Fail,Check battery voltage
INS0169,V0460,MODEL_A,Plant_2,CMP0090,Brake Sensor,Supplier_C,2026-01-06,SIG_ERR,Signal Error,Medium,97.52,Fail,Inspect sensor connection
INS0170,V0337,MODEL_A,Plant_3,CMP0237,Brake Sensor,Supplier_C,2026-03-27,SIG_ERR,Signal Error,Medium,9.97,Fail,Inspect sensor connection
INS0171,V0371,MODEL_A,Plant_2,CMP0226,Temperature Sensor,Supplier_B,2026-07-17,TEMP_DRIFT,Signal Drift,High,48.97,Fail,Perform sensor calibration
INS0172,V0430,MODEL_A,Plant_1,CMP0007,Brake Sensor,Supplier_C,2026-08-26,SIG_ERR,Signal Error,Medium,57.14,Fail,Inspect sensor connection
INS0173,V0482,MODEL_A,Plant_2,CMP0194,Brake Sensor,Supplier_B,2026-06-17,SIG_ERR,Signal Error,Low,79.9,Fail,Inspect sensor connection
INS0174,V0423,MODEL_A,Plant_2,CMP0010,Temperature Sensor,Supplier_C,2026-02-09,TEMP_DRIFT,Signal Drift,High,108.51,Fail,Perform sensor calibration
INS0175,V0276,MODEL_C,Plant_2,CMP0003,Brake Sensor,Supplier_B,2026-07-22,NO_SIG,No Signal,Low,70.47,Fail,Check wiring and connector
INS0176,V0176,MODEL_C,Plant_1,CMP0039,Temperature Sensor,Supplier_A,2026-06-19,TEMP_DRIFT,Signal Drift,Low,107.01,Fail,Perform sensor calibration
INS0177,V0263,MODEL_A,Plant_2,CMP0121,Temperature Sensor,Supplier_C,2026-05-30,TEMP_INV,Invalid Reading,Low,4.59,Fail,Replace or recalibrate sensor
INS0178,V0314,MODEL_C,Plant_3,CMP0040,Battery,Supplier_C,2026-05-10,BAT_CELL,Cell Imbalance,High,31.41,Fail,Inspect battery cells
INS0179,V0287,MODEL_A,Plant_3,CMP0246,Battery,Supplier_B,2026-04-10,BAT_TEMP,Overheating,Low,58.63,Fail,Inspect cooling system
INS0180,V0239,MODEL_B,Plant_3,CMP0213,Battery,Supplier_C,2026-01-06,BAT_TEMP,Overheating,Medium,66.64,Fail,Inspect cooling system
INS0181,V0395,MODEL_C,Plant_3,CMP0230,Battery,Supplier_C,2026-07-01,BAT_TEMP,Overheating,Medium,79.17,Fail,Inspect cooling system
INS0182,V0200,MODEL_A,Plant_2,CMP0143,Temperature Sensor,Supplier_B,2026-04-12,NO_SIG,No Signal,High,3.47,Fail,Check wiring and connector
INS0183,V0400,MODEL_C,Plant_3,CMP0043,Brake Sensor,Supplier_A,2026-08-05,CAL_ERR,Calibration Error,Low,56.69,Fail,Recalibrate sensor
INS0184,V0130,MODEL_B,Plant_2,CMP0143,Temperature Sensor,Supplier_B,2026-03-08,TEMP_DRIFT,Signal Drift,Medium,109.97,Fail,Perform sensor calibration
INS0185,V0116,MODEL_A,Plant_1,CMP0297,Temperature Sensor,Supplier_B,2026-02-03,TEMP_INV,Invalid Reading,Medium,0.86,Fail,Replace or recalibrate sensor
INS0186,V0296,MODEL_A,Plant_3,CMP0236,Temperature Sensor,Supplier_C,2026-07-03,TEMP_INV,Invalid Reading,Low,56.02,Fail,Replace or recalibrate sensor
INS0187,V0079,MODEL_C,Plant_1,CMP0016,Brake Sensor,Supplier_C,2026-08-28,SIG_ERR,Signal Error,Low,8.26,Fail,Inspect sensor connection
INS0188,V0306,MODEL_A,Plant_3,CMP0276,Temperature Sensor,Supplier_B,2026-02-05,TEMP_DRIFT,Signal Drift,High,38.42,Fail,Perform sensor calibration
INS0189,V0104,MODEL_C,Plant_3,CMP0204,Temperature Sensor,Supplier_A,2026-02-05,TEMP_INV,Invalid Reading,Medium,98.99,Fail,Replace or recalibrate sensor
INS0190,V0179,MODEL_B,Plant_3,CMP0150,Brake Sensor,Supplier_C,2026-07-01,SIG_ERR,Signal Error,Low,22.51,Fail,Inspect sensor connection
INS0191,V0149,MODEL_C,Plant_3,CMP0053,Battery,Supplier_C,2026-04-29,BAT_VOLT,Voltage Drop,Low,32.53,Fail,Check battery voltage
INS0192,V0425,MODEL_B,Plant_1,CMP0068,Temperature Sensor,Supplier_B,2026-01-15,TEMP_DRIFT,Signal Drift,Low,15.69,Fail,Perform sensor calibration
INS0193,V0126,MODEL_C,Plant_1,CMP0259,Temperature Sensor,Supplier_A,2026-06-12,TEMP_INV,Invalid Reading,High,99.56,Fail,Replace or recalibrate sensor
INS0194,V0420,MODEL_B,Plant_3,CMP0265,Temperature Sensor,Supplier_B,2026-07-01,TEMP_INV,Invalid Reading,Low,107.7,Fail,Replace or recalibrate sensor
INS0195,V0062,MODEL_A,Plant_3,CMP0194,Battery,Supplier_C,2026-01-01,BAT_CELL,Cell Imbalance,High,35.28,Fail,Inspect battery cells
INS0196,V0327,MODEL_A,Plant_3,CMP0284,Temperature Sensor,Supplier_B,2026-03-10,NO_SIG,No Signal,Low,65.9,Fail,Check wiring and connector
INS0197,V0216,MODEL_B,Plant_2,CMP0253,Temperature Sensor,Supplier_A,2026-07-16,TEMP_DRIFT,Signal Drift,High,115.49,Fail,Perform sensor calibration
INS0198,V0386,MODEL_A,Plant_2,CMP0110,Battery,Supplier_C,2026-01-05,BAT_TEMP,Overheating,Medium,31.2,Fail,Inspect cooling system
INS0199,V0049,MODEL_A,Plant_3,CMP0022,Brake Sensor,Supplier_C,2026-03-28,NO_SIG,No Signal,Low,82.23,Fail,Check wiring and connector
INS0200,V0098,MODEL_C,Plant_2,CMP0268,Brake Sensor,Supplier_B,2026-06-02,SIG_ERR,Signal Error,High,95.69,Fail,Inspect sensor connection
INS0201,V0388,MODEL_A,Plant_2,CMP0027,Brake Sensor,Supplier_A,2026-08-13,SIG_ERR,Signal Error,High,35.97,Fail,Inspect sensor connection
INS0202,V0241,MODEL_A,Plant_3,CMP0257,Brake Sensor,Supplier_A,2026-02-07,NO_SIG,No Signal,Medium,17.68,Fail,Check wiring and connector
INS0203,V0432,MODEL_C,Plant_3,CMP0155,Battery,Supplier_C,2026-04-13,BAT_VOLT,Voltage Drop,High,25.52,Fail,Check battery voltage
INS0204,V0283,MODEL_B,Plant_1,CMP0219,Brake Sensor,Supplier_B,2026-08-28,CAL_ERR,Calibration Error,Low,47.06,Fail,Recalibrate sensor
INS0205,V0302,MODEL_C,Plant_2,CMP0034,Brake Sensor,Supplier_C,2026-02-08,NO_SIG,No Signal,High,31.73,Fail,Check wiring and connector
INS0206,V0295,MODEL_C,Plant_1,CMP0019,Temperature Sensor,Supplier_B,2026-05-14,TEMP_DRIFT,Signal Drift,Low,34.74,Fail,Perform sensor calibration
INS0207,V0478,MODEL_B,Plant_3,CMP0018,Temperature Sensor,Supplier_C,2026-03-27,TEMP_INV,Invalid Reading,Medium,-5.87,Fail,Replace or recalibrate sensor
INS0208,V0043,MODEL_C,Plant_2,CMP0172,Temperature Sensor,Supplier_B,2026-08-18,NO_SIG,No Signal,High,-9.62,Fail,Check wiring and connector
INS0209,V0185,MODEL_A,Plant_1,CMP0298,Temperature Sensor,Supplier_C,2026-08-21,TEMP_INV,Invalid Reading,Medium,109.16,Fail,Replace or recalibrate sensor
INS0210,V0216,MODEL_B,Plant_2,CMP0134,Battery,Supplier_C,2026-08-10,BAT_TEMP,Overheating,High,44.24,Fail,Inspect cooling system
INS0211,V0127,MODEL_B,Plant_2,CMP0282,Temperature Sensor,Supplier_B,2026-07-16,TEMP_INV,Invalid Reading,High,79.53,Fail,Replace or recalibrate sensor
INS0212,V0464,MODEL_B,Plant_2,CMP0043,Brake Sensor,Supplier_C,2026-07-01,NO_SIG,No Signal,Low,8.35,Fail,Check wiring and connector
INS0213,V0142,MODEL_C,Plant_2,CMP0025,Battery,Supplier_B,2026-02-23,BAT_CELL,Cell Imbalance,Low,35.77,Fail,Inspect battery cells
INS0214,V0421,MODEL_C,Plant_1,CMP0282,Temperature Sensor,Supplier_C,2026-07-27,TEMP_DRIFT,Signal Drift,Low,90.24,Fail,Perform sensor calibration
INS0215,V0227,MODEL_B,Plant_3,CMP0020,Brake Sensor,Supplier_B,2026-02-04,CAL_ERR,Calibration Error,Low,85.94,Fail,Recalibrate sensor
INS0216,V0302,MODEL_C,Plant_3,CMP0270,Battery,Supplier_B,2026-01-11,BAT_VOLT,Voltage Drop,High,73.21,Fail,Check battery voltage
INS0217,V0499,MODEL_C,Plant_3,CMP0063,Brake Sensor,Supplier_A,2026-05-31,SIG_ERR,Signal Error,Low,23.28,Fail,Inspect sensor connection
INS0218,V0493,MODEL_B,Plant_2,CMP0182,Temperature Sensor,Supplier_B,2026-01-15,TEMP_DRIFT,Signal Drift,Medium,7.48,Fail,Perform sensor calibration
INS0219,V0085,MODEL_B,Plant_3,CMP0021,Battery,Supplier_C,2026-05-06,BAT_TEMP,Overheating,Low,20.84,Fail,Inspect cooling system
INS0220,V0485,MODEL_C,Plant_1,CMP0108,Battery,Supplier_A,2026-02-14,BAT_TEMP,Overheating,Low,51.46,Fail,Inspect cooling system
INS0221,V0201,MODEL_C,Plant_1,CMP0100,Brake Sensor,Supplier_B,2026-04-06,SIG_ERR,Signal Error,Medium,49.05,Fail,Inspect sensor connection
INS0222,V0219,MODEL_C,Plant_2,CMP0187,Temperature Sensor,Supplier_A,2026-03-18,TEMP_INV,Invalid Reading,High,75.82,Fail,Replace or recalibrate sensor
INS0223,V0318,MODEL_B,Plant_3,CMP0299,Battery,Supplier_B,2026-05-28,BAT_TEMP,Overheating,High,59.55,Fail,Inspect cooling system
INS0224,V0264,MODEL_B,Plant_3,CMP0289,Brake Sensor,Supplier_B,2026-02-19,SIG_ERR,Signal Error,High,64.69,Fail,Inspect sensor connection
INS0225,V0379,MODEL_C,Plant_2,CMP0242,Temperature Sensor,Supplier_C,2026-06-03,NO_SIG,No Signal,High,99.72,Fail,Check wiring and connector
INS0226,V0311,MODEL_C,Plant_2,CMP0131,Battery,Supplier_B,2026-07-15,BAT_CELL,Cell Imbalance,Medium,38.09,Fail,Inspect battery cells
INS0227,V0235,MODEL_B,Plant_1,CMP0261,Brake Sensor,Supplier_A,2026-07-20,NO_SIG,No Signal,Medium,75.74,Fail,Check wiring and connector
INS0228,V0321,MODEL_A,Plant_2,CMP0224,Brake Sensor,Supplier_A,2026-03-27,NO_SIG,No Signal,High,47.6,Fail,Check wiring and connector
INS0229,V0131,MODEL_C,Plant_3,CMP0028,Battery,Supplier_C,2026-07-20,BAT_TEMP,Overheating,Low,41.38,Fail,Inspect cooling system
INS0230,V0450,MODEL_A,Plant_1,CMP0042,Brake Sensor,Supplier_B,2026-03-21,SIG_ERR,Signal Error,High,32.45,Fail,Inspect sensor connection
INS0231,V0066,MODEL_C,Plant_2,CMP0210,Brake Sensor,Supplier_A,2026-06-15,NO_SIG,No Signal,Low,98.9,Fail,Check wiring and connector
INS0232,V0354,MODEL_A,Plant_3,CMP0294,Temperature Sensor,,2026-06-14,TEMP_INV,Invalid Reading,High,-16.19,Fail,Replace or recalibrate sensor
INS0233,V0499,MODEL_B,Plant_1,CMP0102,Temperature Sensor,Supplier_B,2026-04-18,TEMP_DRIFT,Signal Drift,High,21.13,Fail,Perform sensor calibration
INS0234,V0115,MODEL_A,Plant_3,CMP0203,Brake Sensor,Supplier_A,2026-03-03,NO_SIG,No Signal,High,4.22,Fail,Check wiring and connector
INS0235,V0369,MODEL_B,Plant_1,CMP0158,Brake Sensor,Supplier_A,2026-03-18,NO_SIG,No Signal,High,15.2,Fail,Check wiring and connector
INS0236,V0224,MODEL_C,Plant_2,CMP0263,Brake Sensor,Supplier_B,2026-01-08,SIG_ERR,Signal Error,Medium,67.53,Fail,Inspect sensor connection
INS0237,V0415,MODEL_C,Plant_3,CMP0142,Brake Sensor,Supplier_B,2026-06-15,NO_SIG,No Signal,Medium,11.15,Fail,Check wiring and connector
INS0238,V0059,MODEL_C,Plant_1,CMP0136,Brake Sensor,Supplier_A,2026-06-13,CAL_ERR,Calibration Error,Medium,75.23,Fail,Recalibrate sensor
INS0239,V0264,MODEL_C,Plant_1,CMP0067,Brake Sensor,Supplier_B,2026-06-02,SIG_ERR,Signal Error,High,5.42,Fail,Inspect sensor connection
INS0240,V0217,MODEL_C,Plant_3,CMP0011,Brake Sensor,Supplier_A,2026-06-22,SIG_ERR,Signal Error,Low,21.82,Fail,Inspect sensor connection
INS0241,V0402,MODEL_A,Plant_3,CMP0005,Battery,Supplier_A,2026-03-28,BAT_TEMP,Overheating,Medium,22.09,Fail,Inspect cooling system
INS0242,V0282,MODEL_C,Plant_2,CMP0120,Temperature Sensor,Supplier_A,2026-03-17,TEMP_DRIFT,Signal Drift,High,8.02,Fail,Perform sensor calibration
INS0243,V0359,MODEL_B,Plant_1,CMP0170,Battery,Supplier_A,2026-03-03,BAT_VOLT,Voltage Drop,High,73.22,Fail,Check battery voltage
INS0244,V0328,MODEL_A,Plant_1,CMP0112,Brake Sensor,Supplier_B,2026-02-17,SIG_ERR,Signal Error,High,1.6,Fail,Inspect sensor connection
INS0245,V0407,MODEL_B,Plant_3,CMP0075,Battery,Supplier_A,2026-01-26,BAT_VOLT,Voltage Drop,Low,74.34,Fail,Check battery voltage
INS0246,V0302,MODEL_A,Plant_2,CMP0103,Battery,Supplier_B,2026-03-30,BAT_TEMP,Overheating,Low,64.86,Fail,Inspect cooling system
INS0247,V0383,MODEL_C,Plant_1,CMP0045,Battery,Supplier_C,2026-02-21,BAT_TEMP,Overheating,Low,27.15,Fail,Inspect cooling system
INS0248,V0447,MODEL_A,Plant_3,CMP0017,Temperature Sensor,Supplier_A,2026-05-15,TEMP_DRIFT,Signal Drift,Medium,79.97,Fail,Perform sensor calibration
INS0249,V0392,MODEL_C,Plant_3,CMP0196,Temperature Sensor,Supplier_B,2026-04-02,TEMP_INV,Invalid Reading,Medium,25.61,Fail,Replace or recalibrate sensor
INS0250,V0450,MODEL_B,Plant_1,CMP0059,Temperature Sensor,Supplier_B,2026-03-04,TEMP_INV,Invalid Reading,Medium,39.65,Fail,Replace or recalibrate sensor
INS0251,V0472,MODEL_B,Plant_2,CMP0210,Battery,Supplier_A,2026-05-17,BAT_VOLT,Voltage Drop,Medium,73.13,Fail,Check battery voltage
INS0252,V0009,MODEL_B,Plant_1,CMP0155,Brake Sensor,Supplier_B,2026-05-01,CAL_ERR,Calibration Error,High,31.59,Fail,Recalibrate sensor
INS0253,V0086,MODEL_B,Plant_3,CMP0078,Battery,Supplier_B,2026-07-06,BAT_TEMP,Overheating,Low,52.91,Fail,Inspect cooling system
INS0254,V0183,MODEL_C,Plant_2,CMP0088,Battery,Supplier_A,2026-03-06,BAT_TEMP,Overheating,Low,68.76,Fail,Inspect cooling system
INS0255,V0181,MODEL_B,Plant_1,CMP0080,Brake Sensor,Supplier_B,2026-02-09,CAL_ERR,Calibration Error,High,7.73,Fail,Recalibrate sensor
INS0256,V0018,MODEL_A,Plant_3,CMP0099,Temperature Sensor,Supplier_B,2026-05-03,TEMP_INV,Invalid Reading,High,75.92,Fail,Replace or recalibrate sensor
INS0257,V0440,MODEL_C,Plant_3,CMP0192,Temperature Sensor,Supplier_B,2026-05-10,NO_SIG,No Signal,Medium,114.75,Fail,Check wiring and connector
INS0258,V0139,MODEL_C,Plant_3,CMP0108,Brake Sensor,Supplier_C,2026-04-07,,Signal Error,Low,18.46,Fail,Inspect sensor connection
INS0259,V0185,MODEL_A,Plant_1,CMP0149,Battery,Supplier_A,2026-04-14,BAT_VOLT,Voltage Drop,Low,39.62,Fail,Check battery voltage
INS0260,V0189,MODEL_C,Plant_2,CMP0073,Temperature Sensor,Supplier_C,2026-02-04,TEMP_INV,Invalid Reading,Low,7.35,Fail,Replace or recalibrate sensor
INS0261,V0462,MODEL_C,Plant_3,CMP0278,Battery,Supplier_A,2026-05-11,BAT_TEMP,Overheating,High,38.69,Fail,Inspect cooling system
INS0262,V0443,MODEL_B,Plant_1,CMP0222,Brake Sensor,Supplier_B,2026-02-16,NO_SIG,No Signal,High,51.18,Fail,Check wiring and connector
INS0263,V0011,MODEL_A,Plant_2,CMP0186,Battery,Supplier_B,2026-07-17,BAT_TEMP,Overheating,Low,28.54,Fail,Inspect cooling system
INS0264,V0357,MODEL_A,Plant_1,CMP0226,Battery,Supplier_A,2026-03-02,BAT_VOLT,Voltage Drop,High,24.95,Fail,Check battery voltage
INS0265,V0354,MODEL_C,Plant_3,CMP0010,Temperature Sensor,Supplier_C,2026-02-12,TEMP_INV,Invalid Reading,High,64.23,Fail,Replace or recalibrate sensor
INS0266,V0256,MODEL_C,Plant_2,CMP0070,Battery,Supplier_B,2026-08-07,BAT_VOLT,Voltage Drop,Medium,74.08,Fail,Check battery voltage
INS0267,V0343,MODEL_B,Plant_3,CMP0163,Brake Sensor,Supplier_A,2026-07-09,NO_SIG,No Signal,High,31.88,Fail,Check wiring and connector
INS0268,V0135,MODEL_A,Plant_3,CMP0166,Temperature Sensor,Supplier_A,2026-08-06,TEMP_DRIFT,Signal Drift,Low,27.32,Fail,Perform sensor calibration
INS0269,V0446,MODEL_B,Plant_2,CMP0213,Battery,Supplier_A,2026-03-09,BAT_VOLT,Voltage Drop,Medium,33.55,Fail,Check battery voltage
INS0270,V0475,MODEL_C,Plant_1,CMP0143,Battery,Supplier_B,2026-04-21,,Overheating,Medium,22.92,Fail,Inspect cooling system
INS0271,V0312,MODEL_B,Plant_3,CMP0089,Brake Sensor,Supplier_C,2026-05-28,NO_SIG,No Signal,Medium,56.55,Fail,Check wiring and connector
INS0272,V0382,MODEL_C,Plant_3,CMP0099,Brake Sensor,Supplier_A,2026-04-02,CAL_ERR,Calibration Error,High,9.46,Fail,Recalibrate sensor
INS0273,V0020,MODEL_C,Plant_3,CMP0127,Brake Sensor,Supplier_B,2026-06-28,SIG_ERR,Signal Error,Low,83.27,Fail,Inspect sensor connection
INS0274,V0292,MODEL_B,Plant_3,CMP0168,Battery,Supplier_C,2026-05-10,BAT_TEMP,Overheating,Medium,22.31,Fail,Inspect cooling system
INS0275,V0198,MODEL_C,Plant_3,CMP0288,Temperature Sensor,Supplier_A,2026-04-12,NO_SIG,No Signal,Low,79.15,Fail,Check wiring and connector
INS0276,V0431,MODEL_C,Plant_2,CMP0181,Temperature Sensor,,2026-04-06,TEMP_INV,Invalid Reading,Low,63.07,Fail,Replace or recalibrate sensor
INS0277,V0436,MODEL_A,Plant_2,CMP0183,Brake Sensor,Supplier_A,2026-05-20,NO_SIG,No Signal,Medium,64.49,Fail,Check wiring and connector
INS0278,V0489,MODEL_B,Plant_3,CMP0173,Battery,Supplier_A,2026-08-02,BAT_TEMP,Overheating,Low,46.53,Fail,Inspect cooling system
INS0279,V0453,MODEL_C,Plant_1,CMP0228,Battery,Supplier_C,2026-05-28,BAT_VOLT,Voltage Drop,Low,48.7,Fail,Check battery voltage
INS0280,V0064,MODEL_B,Plant_2,CMP0071,Temperature Sensor,Supplier_A,2026-04-13,NO_SIG,No Signal,Medium,9.17,Fail,Check wiring and connector
INS0281,V0158,MODEL_A,Plant_3,CMP0219,Battery,Supplier_B,2026-06-08,,Overheating,High,74.71,Fail,Inspect cooling system
INS0282,V0316,MODEL_C,Plant_2,CMP0106,Brake Sensor,Supplier_B,2026-02-13,NO_SIG,No Signal,High,55.21,Fail,Check wiring and connector
INS0283,V0061,MODEL_B,Plant_2,CMP0263,Brake Sensor,Supplier_C,2026-07-28,SIG_ERR,Signal Error,Medium,68.22,Fail,Inspect sensor connection
INS0284,V0227,MODEL_B,Plant_1,CMP0028,Temperature Sensor,Supplier_A,2026-04-26,NO_SIG,No Signal,High,104.24,Fail,Check wiring and connector
INS0285,V0228,MODEL_B,Plant_1,CMP0244,Battery,Supplier_C,2026-04-10,BAT_TEMP,Overheating,Low,25.84,Fail,Inspect cooling system
INS0286,V0231,MODEL_B,Plant_2,CMP0149,Brake Sensor,Supplier_C,2026-02-19,NO_SIG,No Signal,High,3.64,Fail,Check wiring and connector
INS0287,V0285,MODEL_A,Plant_3,CMP0034,Brake Sensor,Supplier_A,2026-08-13,NO_SIG,No Signal,Low,27.33,Fail,Check wiring and connector
INS0288,V0456,MODEL_C,Plant_1,CMP0199,Temperature Sensor,Supplier_A,2026-04-24,TEMP_DRIFT,Signal Drift,Medium,98.97,Fail,Perform sensor calibration
INS0289,V0170,MODEL_C,Plant_1,CMP0085,Battery,Supplier_C,2026-04-15,BAT_VOLT,Voltage Drop,Medium,36.69,Fail,Check battery voltage
INS0290,V0439,MODEL_B,Plant_3,CMP0077,Brake Sensor,Supplier_C,2026-06-07,CAL_ERR,Calibration Error,High,88.34,Fail,Recalibrate sensor
INS0291,V0116,MODEL_A,Plant_2,CMP0080,Brake Sensor,Supplier_A,2026-06-06,CAL_ERR,Calibration Error,Low,97.12,Fail,Recalibrate sensor
INS0292,V0192,MODEL_C,Plant_2,CMP0144,Battery,Supplier_C,2026-04-27,BAT_TEMP,Overheating,Low,45.51,Fail,Inspect cooling system
INS0293,V0380,MODEL_C,Plant_2,CMP0298,Brake Sensor,Supplier_A,2026-04-25,CAL_ERR,Calibration Error,Medium,48.71,Fail,Recalibrate sensor
INS0294,V0229,MODEL_A,Plant_2,CMP0055,Brake Sensor,Supplier_B,2026-05-06,CAL_ERR,Calibration Error,Low,17.41,Fail,Recalibrate sensor
INS0295,V0488,MODEL_C,Plant_3,CMP0175,Temperature Sensor,Supplier_A,2026-07-30,NO_SIG,No Signal,Medium,24.6,Fail,Check wiring and connector
INS0296,V0166,MODEL_B,Plant_3,CMP0202,Temperature Sensor,Supplier_C,2026-07-24,TEMP_DRIFT,Signal Drift,Medium,58.73,Fail,Perform sensor calibration
INS0297,V0478,MODEL_A,Plant_1,CMP0165,Temperature Sensor,Supplier_A,2026-02-21,,Invalid Reading,High,13.74,Fail,Replace or recalibrate sensor
INS0298,V0185,MODEL_B,Plant_3,CMP0210,Temperature Sensor,Supplier_A,2026-01-08,TEMP_DRIFT,Signal Drift,Medium,38.77,Fail,Perform sensor calibration
INS0299,V0397,MODEL_A,Plant_1,CMP0200,Battery,Supplier_B,2026-04-09,BAT_TEMP,Overheating,High,79.73,Fail,Inspect cooling system
INS0300,V0120,MODEL_A,Plant_3,CMP0164,Temperature Sensor,Supplier_B,2026-06-07,NO_SIG,No Signal,Low,89.71,Fail,Check wiring and connector
INS0301,V0003,MODEL_B,Plant_1,CMP0209,Brake Sensor,Supplier_A,2026-01-25,NO_SIG,No Signal,Medium,87.13,Fail,Check wiring and connector
INS0302,V0386,MODEL_B,Plant_1,CMP0193,Battery,Supplier_A,2026-07-29,BAT_CELL,Cell Imbalance,Low,67.45,Fail,Inspect battery cells
INS0303,V0499,MODEL_B,Plant_1,CMP0100,Brake Sensor,Supplier_B,2026-06-29,NO_SIG,No Signal,High,87.13,Fail,Check wiring and connector
INS0304,V0227,MODEL_C,Plant_3,CMP0067,Battery,Supplier_A,2026-02-07,BAT_CELL,Cell Imbalance,Low,29.63,Fail,Inspect battery cells
INS0305,V0349,MODEL_B,Plant_3,CMP0071,Brake Sensor,Supplier_A,2026-07-07,CAL_ERR,Calibration Error,High,60.67,Fail,Recalibrate sensor
INS0306,V0018,MODEL_C,Plant_1,CMP0069,Battery,Supplier_B,2026-06-01,BAT_TEMP,Overheating,Medium,61.58,Fail,Inspect cooling system
INS0307,V0363,MODEL_A,Plant_2,CMP0179,Temperature Sensor,Supplier_B,2026-02-23,NO_SIG,No Signal,Medium,119.41,Fail,Check wiring and connector
INS0308,V0124,MODEL_A,Plant_3,CMP0003,Battery,Supplier_B,2026-02-20,BAT_TEMP,Overheating,High,47.71,Fail,Inspect cooling system
INS0309,V0097,MODEL_A,Plant_1,CMP0057,Temperature Sensor,Supplier_C,2026-07-29,TEMP_DRIFT,Signal Drift,High,-14.1,Fail,Perform sensor calibration
INS0310,V0268,MODEL_C,Plant_3,CMP0248,Brake Sensor,Supplier_B,2026-08-27,SIG_ERR,Signal Error,High,44.54,Fail,Inspect sensor connection
INS0311,V0478,MODEL_B,Plant_2,CMP0224,Temperature Sensor,Supplier_B,2026-06-15,TEMP_INV,Invalid Reading,Medium,40.36,Fail,Replace or recalibrate sensor
INS0312,V0123,MODEL_A,Plant_1,CMP0202,Brake Sensor,Supplier_C,2026-02-07,SIG_ERR,Signal Error,Low,19.56,Fail,Inspect sensor connection
INS0313,V0418,MODEL_C,Plant_1,CMP0023,Brake Sensor,Supplier_C,2026-01-14,CAL_ERR,Calibration Error,Low,56.78,Fail,Recalibrate sensor
INS0314,V0396,MODEL_C,Plant_2,CMP0213,Brake Sensor,Supplier_B,2026-03-02,CAL_ERR,Calibration Error,High,13.28,Fail,Recalibrate sensor
INS0315,V0353,MODEL_C,Plant_2,CMP0300,Brake Sensor,Supplier_C,2026-04-27,NO_SIG,No Signal,Low,4.73,Fail,Check wiring and connector
INS0316,V0224,MODEL_A,Plant_1,CMP0188,Battery,Supplier_B,2026-06-13,BAT_TEMP,Overheating,Low,34.73,Fail,Inspect cooling system
INS0317,V0248,MODEL_A,Plant_3,CMP0221,Battery,Supplier_A,2026-06-13,BAT_VOLT,Voltage Drop,Low,21.49,Fail,Check battery voltage
INS0318,V0362,MODEL_B,Plant_3,CMP0279,Battery,Supplier_B,2026-05-18,BAT_CELL,Cell Imbalance,High,25.81,Fail,Inspect battery cells
INS0319,V0163,MODEL_B,Plant_1,CMP0035,Brake Sensor,Supplier_A,2026-08-02,NO_SIG,No Signal,High,37.99,Fail,Check wiring and connector
INS0320,V0050,MODEL_B,Plant_1,CMP0101,Battery,Supplier_C,2026-04-05,,Cell Imbalance,Low,71.96,Fail,Inspect battery cells
INS0321,V0222,MODEL_A,Plant_1,CMP0158,Battery,Supplier_C,2026-01-01,BAT_CELL,Cell Imbalance,High,55.45,Fail,Inspect battery cells
INS0322,V0201,MODEL_C,Plant_1,CMP0015,Brake Sensor,Supplier_C,2026-05-24,SIG_ERR,Signal Error,Medium,57.35,Fail,Inspect sensor connection
INS0323,V0397,MODEL_B,Plant_2,CMP0274,Brake Sensor,Supplier_C,2026-03-10,CAL_ERR,Calibration Error,Medium,43.79,Fail,Recalibrate sensor
INS0324,V0300,MODEL_C,Plant_1,CMP0165,Battery,Supplier_B,2026-04-27,BAT_TEMP,Overheating,Medium,62.37,Fail,Inspect cooling system
INS0325,V0212,MODEL_C,Plant_3,CMP0204,Temperature Sensor,Supplier_C,2026-06-20,,Signal Drift,High,86.37,Fail,Perform sensor calibration
INS0326,V0253,MODEL_A,Plant_2,CMP0133,Brake Sensor,Supplier_C,2026-01-17,SIG_ERR,Signal Error,Low,30.64,Fail,Inspect sensor connection
INS0327,V0234,MODEL_A,Plant_2,CMP0241,Brake Sensor,Supplier_C,2026-05-09,CAL_ERR,Calibration Error,Low,13.85,Fail,Recalibrate sensor
INS0328,V0500,MODEL_A,Plant_3,CMP0104,Temperature Sensor,Supplier_C,2026-02-02,TEMP_DRIFT,Signal Drift,High,55.88,Fail,Perform sensor calibration
INS0329,V0332,MODEL_B,Plant_3,CMP0257,Brake Sensor,Supplier_C,2026-03-14,SIG_ERR,Signal Error,Low,78.5,Fail,Inspect sensor connection
INS0330,V0165,MODEL_C,Plant_3,CMP0294,Temperature Sensor,Supplier_A,2026-01-26,NO_SIG,No Signal,High,36.2,Fail,Check wiring and connector
INS0331,V0448,MODEL_C,Plant_1,CMP0097,Brake Sensor,Supplier_A,2026-03-29,NO_SIG,No Signal,High,49.84,Fail,Check wiring and connector
INS0332,V0285,MODEL_C,Plant_2,CMP0103,Battery,Supplier_A,2026-01-11,BAT_CELL,Cell Imbalance,Low,26.98,Fail,Inspect battery cells
INS0333,V0258,MODEL_B,Plant_3,CMP0289,Battery,Supplier_C,2026-02-25,BAT_TEMP,Overheating,Low,33.68,Fail,Inspect cooling system
INS0334,V0036,MODEL_C,Plant_2,CMP0030,Brake Sensor,Supplier_B,2026-05-28,NO_SIG,No Signal,Low,13.47,Fail,Check wiring and connector
INS0335,V0431,MODEL_A,Plant_1,CMP0110,Battery,Supplier_B,2026-04-19,BAT_CELL,Cell Imbalance,Medium,70.61,Fail,Inspect battery cells
INS0336,V0489,MODEL_B,Plant_2,CMP0182,Temperature Sensor,Supplier_A,2026-07-13,NO_SIG,No Signal,Medium,117.35,Fail,Check wiring and connector
INS0337,V0188,MODEL_A,Plant_2,CMP0165,Temperature Sensor,Supplier_A,2026-02-28,TEMP_INV,Invalid Reading,Low,90.49,Fail,Replace or recalibrate sensor
INS0338,V0267,MODEL_B,Plant_1,CMP0245,Battery,Supplier_A,2026-08-17,BAT_VOLT,Voltage Drop,High,29.3,Fail,Check battery voltage
INS0339,V0398,MODEL_C,Plant_2,CMP0107,Temperature Sensor,Supplier_C,2026-03-21,NO_SIG,No Signal,Medium,-19.74,Fail,Check wiring and connector
INS0340,V0235,MODEL_C,Plant_1,CMP0068,Battery,Supplier_C,2026-01-09,BAT_CELL,Cell Imbalance,Medium,42.83,Fail,Inspect battery cells
INS0341,V0103,MODEL_C,Plant_2,CMP0051,Battery,Supplier_B,2026-06-09,BAT_TEMP,Overheating,Medium,37.76,Fail,Inspect cooling system
INS0342,V0184,MODEL_C,Plant_3,CMP0222,Battery,Supplier_A,2026-02-15,BAT_VOLT,Voltage Drop,Medium,54.5,Fail,Check battery voltage
INS0343,V0205,MODEL_A,Plant_2,CMP0066,Brake Sensor,Supplier_C,2026-01-07,CAL_ERR,Calibration Error,High,83.72,Fail,Recalibrate sensor
INS0344,V0139,MODEL_B,Plant_3,CMP0217,Battery,Supplier_B,2026-02-21,BAT_VOLT,Voltage Drop,High,58.31,Fail,Check battery voltage
INS0345,V0366,MODEL_C,Plant_2,CMP0013,Brake Sensor,Supplier_C,2026-02-09,SIG_ERR,Signal Error,High,32.58,Fail,Inspect sensor connection
INS0346,V0233,MODEL_B,Plant_1,CMP0146,Temperature Sensor,Supplier_C,2026-07-17,NO_SIG,No Signal,Medium,107.46,Fail,Check wiring and connector
INS0347,V0246,MODEL_C,Plant_3,CMP0067,Battery,Supplier_A,2026-04-08,BAT_VOLT,Voltage Drop,Low,62.31,Fail,Check battery voltage
INS0348,V0261,MODEL_A,Plant_2,CMP0032,Temperature Sensor,Supplier_B,2026-07-17,TEMP_DRIFT,Signal Drift,Low,9999.0,Fail,Perform sensor calibration
INS0349,V0043,MODEL_B,Plant_3,CMP0021,Brake Sensor,Supplier_C,2026-01-11,SIG_ERR,Signal Error,Medium,24.99,Fail,Inspect sensor connection
INS0350,V0158,MODEL_B,Plant_2,CMP0047,Brake Sensor,Supplier_A,2026-01-12,SIG_ERR,Signal Error,High,7.32,Fail,Inspect sensor connection
INS0351,V0455,MODEL_C,Plant_2,CMP0270,Temperature Sensor,Supplier_B,2026-03-25,NO_SIG,No Signal,Low,30.06,Fail,Check wiring and connector
INS0352,V0112,MODEL_B,Plant_2,CMP0275,Battery,Supplier_B,2026-07-17,BAT_TEMP,Overheating,High,34.9,Fail,Inspect cooling system
INS0353,V0130,MODEL_C,Plant_1,CMP0076,Brake Sensor,Supplier_C,2026-06-18,CAL_ERR,Calibration Error,Medium,58.78,Fail,Recalibrate sensor
INS0354,V0085,MODEL_C,Plant_3,CMP0038,Battery,Supplier_A,2026-02-21,BAT_TEMP,Overheating,Low,35.58,Fail,Inspect cooling system
INS0355,V0111,MODEL_B,Plant_1,CMP0160,Brake Sensor,Supplier_B,2026-01-10,NO_SIG,No Signal,Medium,21.1,Fail,Check wiring and connector
INS0356,V0229,MODEL_B,Plant_1,CMP0036,Battery,Supplier_C,2026-07-23,BAT_CELL,Cell Imbalance,Critical,37.38,Fail,Inspect battery cells
INS0357,V0235,MODEL_A,Plant_3,CMP0086,Battery,Supplier_A,2026-07-02,BAT_TEMP,Overheating,High,51.41,Fail,Inspect cooling system
INS0358,V0158,MODEL_A,Plant_3,CMP0151,Brake Sensor,Supplier_B,2026-01-04,NO_SIG,No Signal,Low,10.97,Fail,Check wiring and connector
INS0359,V0448,MODEL_A,Plant_3,CMP0226,Brake Sensor,Supplier_B,2026-01-13,CAL_ERR,Calibration Error,Low,26.57,Fail,Recalibrate sensor
INS0360,V0059,MODEL_A,Plant_3,CMP0057,Battery,Supplier_A,2026-06-19,BAT_TEMP,Overheating,Medium,38.94,Fail,Inspect cooling system
INS0361,V0306,MODEL_C,Plant_3,CMP0014,Battery,Supplier_A,2026-02-04,BAT_TEMP,Overheating,High,58.19,Fail,Inspect cooling system
INS0362,V0089,MODEL_C,Plant_1,CMP0115,Brake Sensor,Supplier_C,2026-08-01,SIG_ERR,Signal Error,Medium,55.95,Fail,Inspect sensor connection
INS0363,V0044,MODEL_C,Plant_3,CMP0134,Battery,Supplier_A,2026-03-24,BAT_TEMP,Overheating,High,72.28,Fail,Inspect cooling system
INS0364,V0448,MODEL_B,Plant_3,CMP0271,Battery,Supplier_B,2026-05-19,BAT_TEMP,Overheating,Medium,41.12,Fail,Inspect cooling system
INS0365,V0289,MODEL_B,Plant_1,CMP0107,Temperature Sensor,Supplier_B,2026-07-14,TEMP_DRIFT,Signal Drift,Medium,-7.61,Fail,Perform sensor calibration
INS0366,V0113,MODEL_B,Plant_2,CMP0021,Temperature Sensor,Supplier_A,2026-03-23,NO_SIG,No Signal,Low,-12.77,Fail,Check wiring and connector
INS0367,V0409,MODEL_C,Plant_1,CMP0068,Brake Sensor,Supplier_C,2026-05-09,NO_SIG,No Signal,Low,47.48,Fail,Check wiring and connector
INS0368,V0023,MODEL_A,Plant_1,CMP0156,Temperature Sensor,,2026-03-11,NO_SIG,No Signal,High,34.55,Fail,Check wiring and connector
INS0369,V0137,MODEL_A,Plant_3,CMP0267,Temperature Sensor,Supplier_B,2026-01-06,TEMP_DRIFT,Signal Drift,High,107.34,Fail,Perform sensor calibration
INS0370,V0085,MODEL_A,Plant_3,CMP0207,Temperature Sensor,Supplier_C,2026-02-23,TEMP_INV,Invalid Reading,Medium,12.18,Fail,Replace or recalibrate sensor
INS0371,V0363,MODEL_C,Plant_2,CMP0244,Brake Sensor,Supplier_A,2026-08-03,SIG_ERR,Signal Error,Low,80.09,Fail,Inspect sensor connection
INS0372,V0497,MODEL_C,Plant_2,CMP0115,Battery,Supplier_A,2026-06-19,BAT_CELL,Cell Imbalance,Low,48.12,Fail,Inspect battery cells
INS0373,V0339,MODEL_B,Plant_2,CMP0299,Battery,Supplier_A,2026-05-07,BAT_VOLT,Voltage Drop,High,50.37,Fail,Check battery voltage
INS0374,V0118,MODEL_B,Plant_3,CMP0055,Battery,Supplier_B,2026-07-25,BAT_VOLT,Voltage Drop,High,41.35,Fail,Check battery voltage
INS0375,V0014,MODEL_B,Plant_3,CMP0253,Battery,Supplier_C,2026-03-30,BAT_CELL,Cell Imbalance,Low,57.8,Fail,Inspect battery cells
INS0376,V0180,MODEL_C,Plant_1,CMP0172,Battery,,2026-03-01,BAT_TEMP,Overheating,Medium,65.85,Fail,Inspect cooling system
INS0377,V0433,MODEL_B,Plant_1,CMP0293,Temperature Sensor,Supplier_A,2026-05-15,TEMP_DRIFT,Signal Drift,High,97.96,Fail,Perform sensor calibration
INS0378,V0384,MODEL_B,Plant_1,CMP0257,Battery,Supplier_B,2026-03-04,BAT_TEMP,Overheating,Medium,46.57,Fail,Inspect cooling system
INS0379,V0167,MODEL_C,Plant_3,CMP0093,Brake Sensor,Supplier_A,2026-05-25,CAL_ERR,Calibration Error,Low,25.98,Fail,Recalibrate sensor
INS0380,V0417,MODEL_B,Plant_3,CMP0242,Battery,Supplier_B,2026-04-13,BAT_TEMP,Overheating,High,47.33,Fail,Inspect cooling system
INS0381,V0478,MODEL_C,Plant_1,CMP0031,Temperature Sensor,Supplier_C,2026-05-25,TEMP_INV,Invalid Reading,Low,58.78,Fail,Replace or recalibrate sensor
INS0382,V0368,MODEL_C,Plant_2,CMP0009,Battery,Supplier_B,2026-05-03,BAT_TEMP,Overheating,High,30.58,Fail,Inspect cooling system
INS0383,V0377,MODEL_C,Plant_1,CMP0012,Brake Sensor,Supplier_B,2026-02-27,SIG_ERR,Signal Error,Medium,84.77,Fail,Inspect sensor connection
INS0384,V0042,MODEL_B,Plant_1,CMP0090,Brake Sensor,Supplier_C,2026-02-15,SIG_ERR,Signal Error,Low,39.37,Fail,Inspect sensor connection
INS0385,V0084,MODEL_A,Plant_2,CMP0114,Brake Sensor,Supplier_A,2026-06-08,CAL_ERR,Calibration Error,High,53.84,Fail,Recalibrate sensor
INS0386,V0430,MODEL_A,Plant_3,CMP0194,Brake Sensor,Supplier_C,2026-04-23,NO_SIG,No Signal,Low,97.13,Fail,Check wiring and connector
INS0387,V0290,MODEL_A,Plant_1,CMP0242,Brake Sensor,Supplier_B,2026-04-24,NO_SIG,No Signal,Medium,42.61,Fail,Check wiring and connector
INS0388,V0428,MODEL_C,Plant_3,CMP0260,Temperature Sensor,Supplier_C,2026-04-21,TEMP_DRIFT,Signal Drift,Low,2.68,Fail,Perform sensor calibration
INS0389,V0247,MODEL_B,Plant_2,CMP0234,Temperature Sensor,Supplier_C,2026-04-16,NO_SIG,No Signal,High,4.07,Fail,Check wiring and connector
INS0390,V0279,MODEL_C,Plant_3,CMP0272,Brake Sensor,Supplier_C,2026-04-02,CAL_ERR,Calibration Error,High,28.64,Fail,Recalibrate sensor
INS0391,V0083,MODEL_B,Plant_3,CMP0130,Battery,Supplier_B,2026-07-01,BAT_TEMP,Overheating,Medium,24.35,Fail,Inspect cooling system
INS0392,V0078,MODEL_A,Plant_2,CMP0030,Brake Sensor,Supplier_A,2026-01-29,SIG_ERR,Signal Error,Low,82.07,Fail,Inspect sensor connection
INS0393,V0240,MODEL_A,Plant_1,CMP0139,Battery,Supplier_A,2026-07-06,BAT_TEMP,Overheating,High,48.11,Fail,Inspect cooling system
INS0394,V0183,MODEL_C,Plant_2,CMP0057,Battery,Supplier_C,2026-06-14,BAT_VOLT,Voltage Drop,Low,73.35,Fail,Check battery voltage
INS0395,V0043,MODEL_A,Plant_3,CMP0226,Brake Sensor,Supplier_B,2026-04-10,CAL_ERR,Calibration Error,Medium,93.64,Fail,Recalibrate sensor
INS0396,V0382,MODEL_B,Plant_3,CMP0137,Temperature Sensor,Supplier_B,2026-08-20,TEMP_DRIFT,Signal Drift,High,40.39,Fail,Perform sensor calibration
INS0397,V0035,MODEL_C,Plant_3,CMP0163,Battery,Supplier_A,2026-04-01,BAT_TEMP,Overheating,Medium,39.82,Fail,Inspect cooling system
INS0398,V0059,MODEL_C,Plant_1,CMP0245,Temperature Sensor,Supplier_A,2026-08-23,TEMP_INV,Invalid Reading,High,86.98,Fail,Replace or recalibrate sensor
INS0399,V0365,MODEL_A,Plant_1,CMP0154,Temperature Sensor,Supplier_A,2026-08-22,TEMP_DRIFT,Signal Drift,High,66.31,Fail,Perform sensor calibration
INS0400,V0180,MODEL_C,Plant_1,CMP0273,Battery,Supplier_C,2026-04-19,BAT_TEMP,Overheating,Medium,58.8,Fail,Inspect cooling system
INS0401,V0228,MODEL_C,Plant_3,CMP0140,Battery,Supplier_A,2026-02-24,BAT_VOLT,Voltage Drop,Medium,34.93,Fail,Check battery voltage
INS0402,V0042,MODEL_C,Plant_3,CMP0029,Brake Sensor,Supplier_C,2026-08-19,CAL_ERR,Calibration Error,Medium,92.56,Fail,Recalibrate sensor
INS0403,V0005,MODEL_A,Plant_1,CMP0094,Battery,Supplier_C,2026-02-15,BAT_CELL,Cell Imbalance,Low,48.2,Fail,Inspect battery cells
INS0404,V0262,MODEL_B,Plant_3,CMP0136,Brake Sensor,Supplier_A,2026-07-02,NO_SIG,No Signal,High,46.06,Fail,Check wiring and connector
INS0405,V0037,MODEL_C,Plant_3,CMP0161,Temperature Sensor,Supplier_B,2026-04-29,TEMP_INV,Invalid Reading,Low,79.09,Fail,Replace or recalibrate sensor
INS0406,V0327,MODEL_A,Plant_2,CMP0177,Battery,Supplier_C,2026-06-30,BAT_CELL,Cell Imbalance,Medium,21.59,Fail,Inspect battery cells
INS0407,V0006,MODEL_C,Plant_2,CMP0201,Temperature Sensor,Supplier_A,2026-03-23,NO_SIG,No Signal,High,66.92,Fail,Check wiring and connector
INS0408,V0438,MODEL_C,Plant_3,CMP0050,Temperature Sensor,Supplier_C,2026-06-24,TEMP_INV,Invalid Reading,Medium,61.73,Fail,Replace or recalibrate sensor
INS0409,V0006,MODEL_C,Plant_3,CMP0210,Brake Sensor,Supplier_B,2026-05-25,NO_SIG,No Signal,Low,12.33,Fail,Check wiring and connector
INS0410,V0265,MODEL_C,Plant_3,CMP0211,Brake Sensor,Supplier_A,2026-02-06,CAL_ERR,Calibration Error,Medium,73.44,Fail,Recalibrate sensor
INS0411,V0416,MODEL_C,Plant_2,CMP0018,Temperature Sensor,Supplier_A,2026-03-17,NO_SIG,No Signal,High,45.68,Fail,Check wiring and connector
INS0412,V0088,MODEL_B,Plant_2,CMP0296,Brake Sensor,Supplier_C,2026-02-07,NO_SIG,No Signal,Medium,41.2,Fail,Check wiring and connector
INS0413,V0310,MODEL_C,Plant_3,CMP0202,Temperature Sensor,Supplier_C,2026-06-14,TEMP_INV,Invalid Reading,Low,50.47,Fail,Replace or recalibrate sensor
INS0414,V0379,MODEL_B,Plant_1,CMP0138,Brake Sensor,Supplier_B,2026-07-25,CAL_ERR,Calibration Error,High,72.92,Fail,Recalibrate sensor
INS0415,V0427,MODEL_C,Plant_1,CMP0240,Brake Sensor,Supplier_B,2026-01-03,SIG_ERR,Signal Error,Low,25.54,Fail,Inspect sensor connection
INS0416,V0418,MODEL_A,Plant_3,CMP0020,Battery,Supplier_B,2026-01-21,BAT_TEMP,Overheating,Low,22.49,Fail,Inspect cooling system
INS0417,V0418,MODEL_B,Plant_1,CMP0026,Temperature Sensor,Supplier_C,2026-04-17,TEMP_INV,Invalid Reading,Low,-13.87,Fail,Replace or recalibrate sensor
INS0418,V0294,MODEL_B,Plant_1,CMP0181,Brake Sensor,Supplier_C,2026-02-10,NO_SIG,No Signal,High,82.13,Fail,Check wiring and connector
INS0419,V0088,MODEL_B,Plant_3,CMP0037,Temperature Sensor,Supplier_B,2026-05-25,NO_SIG,No Signal,High,90.79,Fail,Check wiring and connector
INS0420,V0231,MODEL_A,Plant_1,CMP0025,Temperature Sensor,Supplier_A,2026-03-18,TEMP_INV,Invalid Reading,Low,93.14,Fail,Replace or recalibrate sensor
INS0421,V0485,MODEL_B,Plant_2,CMP0197,Temperature Sensor,Supplier_B,2026-08-27,NO_SIG,No Signal,High,22.7,Fail,Check wiring and connector
INS0422,V0261,MODEL_C,Plant_3,CMP0013,Battery,Supplier_C,2026-06-20,BAT_TEMP,Overheating,Low,38.37,Fail,Inspect cooling system
INS0423,V0080,MODEL_B,Plant_1,CMP0192,Brake Sensor,Supplier_C,2026-04-21,CAL_ERR,Calibration Error,High,9.44,Fail,Recalibrate sensor
INS0424,V0115,MODEL_C,Plant_1,CMP0118,Brake Sensor,Supplier_A,2026-02-06,CAL_ERR,Calibration Error,High,92.23,Fail,Recalibrate sensor
INS0425,V0176,MODEL_B,Plant_3,CMP0226,Temperature Sensor,Supplier_B,2026-04-15,TEMP_DRIFT,Signal Drift,High,69.76,Fail,Perform sensor calibration
INS0426,V0107,MODEL_A,Plant_3,CMP0124,Battery,Supplier_B,2026-03-23,BAT_TEMP,Overheating,Low,63.05,Fail,Inspect cooling system
INS0427,V0072,MODEL_B,Plant_2,CMP0047,Brake Sensor,Supplier_B,2026-05-06,CAL_ERR,Calibration Error,High,87.13,Fail,Recalibrate sensor
INS0428,V0073,MODEL_A,Plant_3,CMP0226,Temperature Sensor,Supplier_B,2026-04-20,TEMP_INV,Invalid Reading,Medium,10.69,Fail,Replace or recalibrate sensor
INS0429,V0429,MODEL_C,Plant_2,CMP0178,Temperature Sensor,Supplier_C,2026-03-11,TEMP_INV,Invalid Reading,Medium,2.58,Fail,Replace or recalibrate sensor
INS0430,V0132,MODEL_B,Plant_3,CMP0275,Temperature Sensor,Supplier_B,2026-01-08,NO_SIG,No Signal,Low,85.68,Fail,Check wiring and connector
INS0431,V0103,MODEL_B,Plant_3,CMP0118,Battery,Supplier_B,2026-02-14,BAT_TEMP,Overheating,High,70.26,Fail,Inspect cooling system
INS0432,V0055,MODEL_A,Plant_2,CMP0174,Battery,Supplier_B,2026-07-12,BAT_TEMP,Overheating,Low,79.15,Fail,Inspect cooling system
INS0433,V0405,MODEL_C,Plant_2,CMP0207,Temperature Sensor,Supplier_B,2026-03-29,NO_SIG,No Signal,High,91.28,Fail,Check wiring and connector
INS0434,V0115,MODEL_C,Plant_2,CMP0178,Temperature Sensor,Supplier_B,2026-08-26,TEMP_DRIFT,Signal Drift,Medium,65.86,Fail,Perform sensor calibration
INS0435,V0088,MODEL_C,Plant_1,CMP0275,Brake Sensor,Supplier_C,2026-05-16,SIG_ERR,Signal Error,Low,10.62,Fail,Inspect sensor connection
INS0436,V0204,MODEL_A,Plant_3,CMP0107,Brake Sensor,Supplier_B,2026-01-02,CAL_ERR,Calibration Error,Low,39.85,Fail,Recalibrate sensor
INS0437,V0472,MODEL_A,Plant_3,CMP0253,Brake Sensor,Supplier_C,2026-04-15,CAL_ERR,Calibration Error,High,49.38,Fail,Recalibrate sensor
INS0438,V0441,MODEL_B,Plant_2,CMP0072,Battery,Supplier_C,2026-07-19,BAT_VOLT,Voltage Drop,Low,78.11,Fail,Check battery voltage
INS0439,V0171,MODEL_C,Plant_2,CMP0108,Brake Sensor,Supplier_C,2026-02-04,NO_SIG,No Signal,Medium,30.39,Fail,Check wiring and connector
INS0440,V0151,MODEL_B,Plant_2,CMP0136,Brake Sensor,Supplier_A,2026-08-09,CAL_ERR,Calibration Error,High,50.24,Fail,Recalibrate sensor
INS0441,V0199,MODEL_C,Plant_2,CMP0254,Battery,Supplier_B,2026-02-08,BAT_VOLT,Voltage Drop,Medium,40.04,Fail,Check battery voltage
INS0442,V0498,MODEL_B,Plant_1,CMP0268,Temperature Sensor,Supplier_A,2026-05-30,TEMP_DRIFT,Signal Drift,Low,-14.46,Fail,Perform sensor calibration
INS0443,V0321,MODEL_C,Plant_2,CMP0067,Temperature Sensor,,2026-01-28,TEMP_INV,Invalid Reading,High,38.17,Fail,Replace or recalibrate sensor
INS0444,V0124,MODEL_C,Plant_1,CMP0017,Battery,Supplier_B,2026-08-29,BAT_TEMP,Overheating,High,51.15,Fail,Inspect cooling system
INS0445,V0144,MODEL_C,Plant_3,CMP0108,Brake Sensor,Supplier_A,2026-02-13,NO_SIG,No Signal,High,44.36,Fail,Check wiring and connector
INS0446,V0200,MODEL_C,Plant_3,CMP0058,Brake Sensor,Supplier_B,2026-01-10,NO_SIG,No Signal,Medium,16.5,Fail,Check wiring and connector
INS0447,V0171,MODEL_B,Plant_3,CMP0295,Brake Sensor,Supplier_B,2026-01-13,CAL_ERR,Calibration Error,Low,98.77,Fail,Recalibrate sensor
INS0448,V0173,MODEL_C,Plant_2,CMP0092,Brake Sensor,,2026-06-22,SIG_ERR,Signal Error,Low,57.95,Fail,Inspect sensor connection
INS0449,V0215,MODEL_C,Plant_2,CMP0112,Battery,Supplier_C,2026-07-25,BAT_VOLT,Voltage Drop,High,72.02,Fail,Check battery voltage
INS0450,V0093,MODEL_C,Plant_2,CMP0230,Brake Sensor,Supplier_A,2026-07-19,CAL_ERR,Calibration Error,Low,3.26,Fail,Recalibrate sensor
INS0451,V0245,MODEL_A,Plant_2,CMP0281,Temperature Sensor,Supplier_B,2026-07-21,TEMP_DRIFT,Signal Drift,Low,-5.95,Fail,Perform sensor calibration
INS0452,V0291,MODEL_C,Plant_2,CMP0002,Battery,Supplier_A,2026-05-22,BAT_TEMP,Overheating,Low,60.38,Fail,Inspect cooling system
INS0453,V0357,MODEL_A,Plant_1,CMP0090,Temperature Sensor,Supplier_B,2026-02-11,TEMP_DRIFT,Signal Drift,High,-6.45,Fail,Perform sensor calibration
INS0454,V0370,MODEL_A,Plant_1,CMP0208,Temperature Sensor,Supplier_C,2026-05-16,NO_SIG,No Signal,High,69.71,Fail,Check wiring and connector
INS0455,V0409,MODEL_A,Plant_1,CMP0203,Temperature Sensor,Supplier_A,2026-04-17,NO_SIG,No Signal,High,-19.41,Fail,Check wiring and connector
INS0456,V0232,MODEL_C,Plant_3,CMP0172,Temperature Sensor,Supplier_B,2026-01-24,TEMP_INV,Invalid Reading,High,2.29,Fail,Replace or recalibrate sensor
INS0457,V0421,MODEL_B,Plant_1,CMP0150,Temperature Sensor,Supplier_C,2026-06-02,TEMP_DRIFT,Signal Drift,Medium,6.85,Fail,Perform sensor calibration
INS0458,V0186,MODEL_C,Plant_3,CMP0142,Temperature Sensor,Supplier_B,2026-06-11,NO_SIG,No Signal,Medium,0.6,Fail,Check wiring and connector
INS0459,V0339,MODEL_A,Plant_1,CMP0112,Temperature Sensor,Supplier_C,2026-02-18,TEMP_INV,Invalid Reading,High,88.19,Fail,Replace or recalibrate sensor
INS0460,V0331,MODEL_A,Plant_3,CMP0113,Brake Sensor,Supplier_A,2026-02-11,NO_SIG,No Signal,High,32.21,Fail,Check wiring and connector
INS0461,V0022,MODEL_A,Plant_1,CMP0255,Brake Sensor,Supplier_B,2026-03-08,CAL_ERR,Calibration Error,Medium,21.23,Fail,Recalibrate sensor
INS0462,V0317,MODEL_A,Plant_2,CMP0144,Brake Sensor,Supplier_B,2026-08-08,CAL_ERR,Calibration Error,Medium,40.57,Fail,Recalibrate sensor
INS0463,V0073,MODEL_B,Plant_1,CMP0037,Brake Sensor,Supplier_B,2026-05-29,NO_SIG,No Signal,Medium,15.27,Fail,Check wiring and connector
INS0464,V0021,MODEL_B,Plant_2,CMP0003,Brake Sensor,Supplier_A,2026-08-10,CAL_ERR,Calibration Error,Medium,20.82,Fail,Recalibrate sensor
INS0465,V0217,MODEL_B,Plant_3,CMP0249,Temperature Sensor,Supplier_C,2026-04-21,NO_SIG,No Signal,Medium,49.36,Fail,Check wiring and connector
INS0466,V0042,MODEL_C,Plant_1,CMP0173,Battery,Supplier_C,2026-03-16,BAT_VOLT,Voltage Drop,Low,71.72,Fail,Check battery voltage
INS0467,V0027,MODEL_B,Plant_3,CMP0103,Brake Sensor,Supplier_C,2026-02-01,CAL_ERR,Calibration Error,Medium,70.53,Fail,Recalibrate sensor
INS0468,V0069,MODEL_A,Plant_3,CMP0050,Battery,Supplier_A,2026-02-14,,Cell Imbalance,High,48.66,Fail,Inspect battery cells
INS0469,V0194,MODEL_C,Plant_2,CMP0289,Temperature Sensor,Supplier_B,2026-07-27,TEMP_DRIFT,Signal Drift,Low,50.8,Fail,Perform sensor calibration
INS0470,V0062,MODEL_B,Plant_3,CMP0007,Battery,Supplier_A,2026-03-05,BAT_CELL,Cell Imbalance,Low,31.91,Fail,Inspect battery cells
INS0471,V0337,MODEL_C,Plant_1,CMP0066,Battery,Supplier_B,2026-08-27,BAT_VOLT,Voltage Drop,Medium,32.88,Fail,Check battery voltage
INS0472,V0038,MODEL_A,Plant_1,CMP0214,Battery,Supplier_C,2026-03-10,BAT_TEMP,Overheating,Low,55.37,Fail,Inspect cooling system
INS0473,V0125,MODEL_A,Plant_1,CMP0078,Battery,Supplier_B,2026-01-17,BAT_CELL,Cell Imbalance,Medium,30.39,Fail,Inspect battery cells
INS0474,V0133,MODEL_A,Plant_3,CMP0191,Battery,Supplier_A,2026-02-07,BAT_CELL,Cell Imbalance,High,56.83,Fail,Inspect battery cells
INS0475,V0402,MODEL_C,Plant_3,CMP0287,Battery,Supplier_B,2026-05-01,BAT_TEMP,Overheating,Medium,59.4,Fail,Inspect cooling system
INS0476,V0380,MODEL_B,Plant_2,CMP0115,Battery,Supplier_A,2026-07-23,BAT_CELL,Cell Imbalance,Medium,55.34,Fail,Inspect battery cells
INS0477,V0291,MODEL_A,Plant_1,CMP0025,Brake Sensor,Supplier_C,2026-03-27,NO_SIG,No Signal,High,95.05,Fail,Check wiring and connector
INS0478,V0294,MODEL_B,Plant_2,CMP0080,Brake Sensor,Supplier_C,2026-07-04,CAL_ERR,Calibration Error,Medium,16.15,Fail,Recalibrate sensor
INS0479,V0107,MODEL_A,Plant_3,CMP0113,Brake Sensor,Supplier_A,2026-03-14,NO_SIG,No Signal,High,47.72,Fail,Check wiring and connector
INS0480,V0263,MODEL_A,Plant_3,CMP0154,Brake Sensor,Supplier_A,2026-02-28,NO_SIG,No Signal,Medium,8.81,Fail,Check wiring and connector
INS0481,V0028,MODEL_B,Plant_3,CMP0154,Brake Sensor,Supplier_C,2026-06-12,SIG_ERR,Signal Error,High,37.57,Fail,Inspect sensor connection
INS0482,V0167,MODEL_B,Plant_1,CMP0054,Temperature Sensor,Supplier_A,2026-07-14,TEMP_DRIFT,Signal Drift,Medium,-18.25,Fail,Perform sensor calibration
INS0483,V0264,MODEL_B,Plant_2,CMP0189,Battery,Supplier_C,2026-02-11,BAT_TEMP,Overheating,Low,64.33,Fail,Inspect cooling system
INS0484,V0224,MODEL_B,Plant_1,CMP0266,Temperature Sensor,Supplier_B,2026-06-02,TEMP_INV,Invalid Reading,High,109.86,Fail,Replace or recalibrate sensor
INS0485,V0453,MODEL_A,Plant_3,CMP0162,Battery,Supplier_C,2026-08-04,BAT_CELL,Cell Imbalance,High,22.59,Fail,Inspect battery cells
INS0486,V0075,MODEL_A,Plant_2,CMP0259,Battery,Supplier_A,2026-02-15,BAT_VOLT,Voltage Drop,Medium,70.47,Fail,Check battery voltage
INS0487,V0485,MODEL_B,Plant_2,CMP0188,Brake Sensor,Supplier_C,2026-01-19,SIG_ERR,Signal Error,High,51.24,Fail,Inspect sensor connection
INS0488,V0087,MODEL_A,Plant_1,CMP0272,Battery,Supplier_A,2026-05-04,BAT_CELL,Cell Imbalance,Low,44.56,Fail,Inspect battery cells
INS0489,V0423,MODEL_C,Plant_3,CMP0260,Temperature Sensor,Supplier_B,2026-08-26,NO_SIG,No Signal,Medium,77.45,Fail,Check wiring and connector
INS0490,V0006,MODEL_A,Plant_3,CMP0162,Battery,Supplier_A,2026-07-17,BAT_VOLT,Voltage Drop,High,27.4,Fail,Check battery voltage
INS0491,V0210,MODEL_C,Plant_1,CMP0279,Battery,Supplier_C,2026-05-19,BAT_CELL,Cell Imbalance,Low,30.71,Fail,Inspect battery cells
INS0492,V0184,MODEL_B,Plant_3,CMP0098,Battery,Supplier_C,2026-06-20,BAT_TEMP,Overheating,High,39.18,Fail,Inspect cooling system
INS0493,V0146,MODEL_A,Plant_3,CMP0183,Brake Sensor,Supplier_B,2026-04-04,SIG_ERR,Signal Error,Low,85.85,Fail,Inspect sensor connection
INS0494,V0158,MODEL_C,Plant_1,CMP0154,Brake Sensor,Supplier_C,2026-07-23,SIG_ERR,Signal Error,Medium,9.49,Fail,Inspect sensor connection
INS0495,V0109,MODEL_A,Plant_1,CMP0010,Temperature Sensor,Supplier_C,2026-08-22,TEMP_INV,Invalid Reading,Medium,84.21,Fail,Replace or recalibrate sensor
INS0496,V0137,MODEL_C,Plant_3,CMP0140,Temperature Sensor,Supplier_A,2026-07-02,NO_SIG,No Signal,Low,44.74,Fail,Check wiring and connector
INS0497,V0067,MODEL_B,Plant_2,CMP0139,Battery,Supplier_C,2026-08-22,BAT_CELL,Cell Imbalance,Low,34.99,Fail,Inspect battery cells
INS0498,V0385,MODEL_A,Plant_1,CMP0266,Brake Sensor,Supplier_A,2026-06-27,CAL_ERR,Calibration Error,Medium,11.08,Fail,Recalibrate sensor
INS0499,V0400,MODEL_B,Plant_3,CMP0077,Temperature Sensor,Supplier_B,2026-01-02,NO_SIG,No Signal,Low,16.96,Fail,Check wiring and connector
INS0500,V0286,MODEL_C,Plant_3,CMP0080,Brake Sensor,Supplier_A,2026-08-05,NO_SIG,No Signal,Low,98.38,Fail,Check wiring and connector
INS0501,V0067,MODEL_A,Plant_3,CMP0060,Battery,Supplier_B,2026-03-26,BAT_TEMP,Overheating,Low,63.91,Fail,Inspect cooling system
INS0502,V0004,MODEL_A,Plant_3,CMP0005,Battery,Supplier_A,2026-03-11,BAT_CELL,Cell Imbalance,Medium,36.69,Fail,Inspect battery cells
INS0503,V0201,MODEL_B,Plant_2,CMP0230,Battery,Supplier_B,2026-06-25,BAT_TEMP,Overheating,Low,43.86,Fail,Inspect cooling system
INS0504,V0160,MODEL_A,Plant_3,CMP0028,Brake Sensor,Supplier_B,2026-03-10,CAL_ERR,Calibration Error,Low,18.56,Fail,Recalibrate sensor
INS0505,V0500,MODEL_C,Plant_1,CMP0068,Brake Sensor,Supplier_A,2026-04-29,SIG_ERR,Signal Error,Low,7.92,Fail,Inspect sensor connection
INS0506,V0304,MODEL_C,Plant_2,CMP0094,Temperature Sensor,Supplier_B,2026-04-10,NO_SIG,No Signal,Low,66.34,Fail,Check wiring and connector
INS0507,V0178,MODEL_A,Plant_1,CMP0285,Temperature Sensor,Supplier_A,2026-08-20,TEMP_INV,Invalid Reading,Medium,-7.32,Fail,Replace or recalibrate sensor
INS0508,V0406,MODEL_C,Plant_1,CMP0221,Battery,Supplier_A,2026-05-18,BAT_VOLT,Voltage Drop,Medium,67.71,Fail,Check battery voltage
INS0509,V0440,MODEL_A,Plant_3,CMP0253,Temperature Sensor,Supplier_B,2026-01-27,TEMP_INV,Invalid Reading,Medium,5.35,Fail,Replace or recalibrate sensor
INS0510,V0341,MODEL_C,Plant_2,CMP0169,Temperature Sensor,Supplier_A,2026-01-17,TEMP_DRIFT,Signal Drift,Low,40.4,Fail,Perform sensor calibration
INS0511,V0307,MODEL_C,Plant_1,CMP0098,Brake Sensor,Supplier_B,2026-05-13,NO_SIG,No Signal,High,32.64,Fail,Check wiring and connector
INS0512,V0062,MODEL_B,Plant_2,CMP0005,Brake Sensor,Supplier_B,2026-03-30,NO_SIG,No Signal,High,73.73,Fail,Check wiring and connector
INS0513,V0362,MODEL_C,Plant_3,CMP0024,Battery,Supplier_B,2026-02-19,BAT_VOLT,Voltage Drop,Medium,60.71,Fail,Check battery voltage
INS0514,V0137,MODEL_C,Plant_3,CMP0058,Battery,Supplier_C,2026-06-19,BAT_VOLT,Voltage Drop,Low,23.42,Fail,Check battery voltage
INS0515,V0477,MODEL_B,Plant_2,CMP0028,Battery,Supplier_C,2026-05-26,BAT_CELL,Cell Imbalance,Low,53.49,Fail,Inspect battery cells
INS0516,V0290,MODEL_B,Plant_1,CMP0261,Battery,Supplier_B,2026-08-20,BAT_VOLT,Voltage Drop,Low,64.65,Fail,Check battery voltage
INS0517,V0273,MODEL_C,Plant_1,CMP0032,Battery,Supplier_B,2026-08-05,BAT_TEMP,Overheating,Medium,63.39,Fail,Inspect cooling system
INS0518,V0364,MODEL_C,Plant_3,CMP0211,Temperature Sensor,Supplier_A,2026-03-02,TEMP_INV,Invalid Reading,Low,-17.4,Fail,Replace or recalibrate sensor
INS0519,V0484,MODEL_C,Plant_3,CMP0030,Temperature Sensor,Supplier_B,2026-01-01,TEMP_INV,Invalid Reading,Low,89.92,Fail,Replace or recalibrate sensor
INS0520,V0279,MODEL_B,Plant_1,CMP0185,Temperature Sensor,Supplier_A,2026-01-07,NO_SIG,No Signal,Low,-7.36,Fail,Check wiring and connector
INS0521,V0183,MODEL_C,Plant_1,CMP0281,Brake Sensor,Supplier_C,2026-08-13,SIG_ERR,Signal Error,Medium,9.38,Fail,Inspect sensor connection
INS0522,V0160,MODEL_B,Plant_3,CMP0200,Battery,Supplier_C,2026-06-12,BAT_VOLT,Voltage Drop,Medium,22.27,Fail,Check battery voltage
INS0523,V0489,MODEL_C,Plant_3,CMP0006,Brake Sensor,Supplier_B,2026-01-31,CAL_ERR,Calibration Error,High,29.46,Fail,Recalibrate sensor
INS0524,V0005,MODEL_A,Plant_2,CMP0037,Temperature Sensor,Supplier_A,2026-02-01,TEMP_DRIFT,Signal Drift,High,-9.69,Fail,Perform sensor calibration
INS0525,V0357,MODEL_C,Plant_3,CMP0261,Battery,Supplier_B,2026-04-30,BAT_TEMP,Overheating,Medium,37.14,Fail,Inspect cooling system
INS0526,V0038,MODEL_B,Plant_3,CMP0231,Battery,Supplier_C,2026-07-07,BAT_VOLT,Voltage Drop,Low,42.59,Fail,Check battery voltage
INS0527,V0329,MODEL_C,Plant_3,CMP0203,Battery,Supplier_C,2026-04-17,BAT_VOLT,Voltage Drop,Low,68.89,Fail,Check battery voltage
INS0528,V0008,MODEL_B,Plant_2,CMP0243,Brake Sensor,Supplier_C,2026-08-24,CAL_ERR,Calibration Error,Medium,22.13,Fail,Recalibrate sensor
INS0529,V0385,MODEL_A,Plant_1,CMP0229,Brake Sensor,Supplier_B,2026-06-27,SIG_ERR,Signal Error,High,59.32,Fail,Inspect sensor connection
INS0530,V0390,MODEL_C,Plant_3,CMP0198,Brake Sensor,Supplier_A,2026-07-06,CAL_ERR,Calibration Error,Low,6.17,Fail,Recalibrate sensor
INS0531,V0365,MODEL_A,Plant_1,CMP0299,Brake Sensor,Supplier_B,2026-01-18,NO_SIG,No Signal,High,14.17,Fail,Check wiring and connector
INS0532,V0474,MODEL_B,Plant_2,CMP0244,Battery,Supplier_C,2026-04-30,BAT_CELL,Cell Imbalance,High,73.88,Fail,Inspect battery cells
INS0533,V0297,MODEL_B,Plant_2,CMP0187,Battery,Supplier_A,2026-06-21,BAT_CELL,Cell Imbalance,High,47.07,Fail,Inspect battery cells
INS0534,V0352,MODEL_C,Plant_2,CMP0146,Battery,Supplier_B,2026-05-02,BAT_TEMP,Overheating,Medium,54.63,Fail,Inspect cooling system
INS0535,V0467,MODEL_C,Plant_3,CMP0148,Brake Sensor,Supplier_B,2026-03-25,SIG_ERR,Signal Error,Medium,11.12,Fail,Inspect sensor connection
INS0536,V0080,MODEL_A,Plant_2,CMP0128,Temperature Sensor,Supplier_A,2026-03-23,NO_SIG,No Signal,Low,106.59,Fail,Check wiring and connector
INS0537,V0037,MODEL_A,Plant_1,CMP0240,Brake Sensor,Supplier_A,2026-02-27,NO_SIG,No Signal,Low,42.93,Fail,Check wiring and connector
INS0538,V0150,MODEL_C,Plant_2,CMP0138,Temperature Sensor,Supplier_C,2026-08-25,TEMP_DRIFT,Signal Drift,Low,91.35,Fail,Perform sensor calibration
INS0539,V0155,MODEL_C,Plant_2,CMP0284,Battery,Supplier_B,2026-07-09,BAT_TEMP,Overheating,High,45.86,Fail,Inspect cooling system
INS0540,V0266,MODEL_B,Plant_2,CMP0057,Battery,Supplier_C,2026-01-25,BAT_CELL,Cell Imbalance,Low,60.91,Fail,Inspect battery cells
INS0541,V0017,MODEL_B,Plant_2,CMP0287,Battery,Supplier_B,2026-03-20,BAT_TEMP,Overheating,Medium,22.16,Fail,Inspect cooling system
INS0542,V0471,MODEL_B,Plant_3,CMP0174,Temperature Sensor,Supplier_A,2026-03-12,TEMP_DRIFT,Signal Drift,Low,114.45,Fail,Perform sensor calibration
INS0543,V0166,MODEL_B,Plant_2,CMP0086,Temperature Sensor,Supplier_A,2026-02-03,NO_SIG,No Signal,Medium,-15.01,Fail,Check wiring and connector
INS0544,V0292,MODEL_A,Plant_2,CMP0277,Brake Sensor,Supplier_A,2026-06-13,CAL_ERR,Calibration Error,High,1.76,Fail,Recalibrate sensor
INS0545,V0055,MODEL_A,Plant_3,CMP0292,Brake Sensor,Supplier_A,2026-08-04,NO_SIG,No Signal,Medium,50.92,Fail,Check wiring and connector
INS0546,V0424,MODEL_B,Plant_2,CMP0278,Battery,Supplier_B,2026-05-30,BAT_TEMP,Overheating,Low,32.89,Fail,Inspect cooling system
INS0547,V0222,MODEL_C,Plant_3,CMP0052,Brake Sensor,Supplier_A,2026-05-01,SIG_ERR,Signal Error,Medium,12.71,Fail,Inspect sensor connection
INS0548,V0027,MODEL_B,Plant_1,CMP0180,Brake Sensor,Supplier_B,2026-07-20,NO_SIG,No Signal,Low,51.63,Fail,Check wiring and connector
INS0549,V0170,MODEL_C,Plant_1,CMP0105,Battery,Supplier_A,2026-06-01,BAT_VOLT,Voltage Drop,High,41.71,Fail,Check battery voltage
INS0550,V0107,MODEL_C,Plant_2,CMP0286,Temperature Sensor,Supplier_B,2026-03-26,TEMP_INV,Invalid Reading,Low,101.97,Fail,Replace or recalibrate sensor
INS0551,V0228,MODEL_B,Plant_2,CMP0268,Temperature Sensor,Supplier_A,2026-07-28,TEMP_DRIFT,Signal Drift,High,59.11,Fail,Perform sensor calibration
INS0552,V0478,MODEL_A,Plant_1,CMP0090,Temperature Sensor,Supplier_C,2026-08-03,TEMP_DRIFT,Signal Drift,High,93.24,Fail,Perform sensor calibration
INS0553,V0356,MODEL_A,Plant_2,CMP0071,Brake Sensor,Supplier_A,2026-02-23,NO_SIG,No Signal,Low,63.94,Fail,Check wiring and connector
INS0554,V0218,MODEL_C,Plant_3,CMP0259,Battery,Supplier_B,2026-06-13,BAT_CELL,Cell Imbalance,High,43.66,Fail,Inspect battery cells
INS0555,V0344,MODEL_C,Plant_1,CMP0194,Temperature Sensor,Supplier_C,2026-05-03,TEMP_DRIFT,Signal Drift,Low,45.88,Fail,Perform sensor calibration
INS0556,V0227,MODEL_C,Plant_3,CMP0032,Battery,Supplier_B,2026-02-09,BAT_CELL,Cell Imbalance,Medium,46.41,Fail,Inspect battery cells
INS0557,V0397,MODEL_C,Plant_3,CMP0251,Brake Sensor,Supplier_C,2026-03-15,SIG_ERR,Signal Error,High,66.68,Fail,Inspect sensor connection
INS0558,V0339,MODEL_C,Plant_2,CMP0038,Brake Sensor,Supplier_A,2026-07-05,NO_SIG,No Signal,Low,63.51,Fail,Check wiring and connector
INS0559,V0450,MODEL_A,Plant_3,CMP0129,Battery,,2026-07-29,BAT_TEMP,Overheating,Low,59.97,Fail,Inspect cooling system
INS0560,V0463,MODEL_B,Plant_1,CMP0082,Battery,Supplier_A,2026-03-13,BAT_VOLT,Voltage Drop,High,40.26,Fail,Check battery voltage
INS0561,V0258,MODEL_A,Plant_1,CMP0029,Brake Sensor,Supplier_A,2026-04-26,CAL_ERR,Calibration Error,Medium,11.53,Fail,Recalibrate sensor
INS0562,V0463,MODEL_A,Plant_2,CMP0264,Battery,Supplier_B,2026-08-11,BAT_CELL,Cell Imbalance,High,32.11,Fail,Inspect battery cells
INS0563,V0404,MODEL_A,Plant_2,CMP0027,Battery,Supplier_B,2026-06-18,BAT_CELL,Cell Imbalance,Medium,57.06,Fail,Inspect battery cells
INS0564,V0433,MODEL_A,Plant_2,CMP0055,Battery,Supplier_B,2026-03-22,BAT_TEMP,Overheating,Low,21.46,Fail,Inspect cooling system
INS0565,V0099,MODEL_A,Plant_1,CMP0147,Battery,Supplier_B,2026-05-07,BAT_CELL,Cell Imbalance,Medium,70.93,Fail,Inspect battery cells
INS0566,V0125,MODEL_C,Plant_3,CMP0236,Battery,Supplier_C,2026-06-23,BAT_TEMP,Overheating,Low,29.45,Fail,Inspect cooling system
INS0567,V0088,MODEL_B,Plant_1,CMP0042,Battery,Supplier_A,2026-06-16,BAT_TEMP,Overheating,High,54.06,Fail,Inspect cooling system
INS0568,V0070,MODEL_B,Plant_1,CMP0153,Brake Sensor,Supplier_A,2026-03-18,CAL_ERR,Calibration Error,High,82.58,Fail,Recalibrate sensor
INS0569,V0226,MODEL_B,Plant_3,CMP0051,Temperature Sensor,Supplier_A,2026-07-17,TEMP_DRIFT,Signal Drift,Low,53.25,Fail,Perform sensor calibration
INS0570,V0241,MODEL_B,Plant_2,CMP0093,Battery,Supplier_B,2026-03-17,BAT_VOLT,Voltage Drop,High,20.46,Fail,Check battery voltage
INS0571,V0329,MODEL_A,Plant_1,CMP0222,Battery,Supplier_B,2026-07-08,BAT_CELL,Cell Imbalance,High,31.97,Fail,Inspect battery cells
INS0572,V0025,MODEL_A,Plant_1,CMP0186,Temperature Sensor,Supplier_C,2026-05-06,TEMP_INV,Invalid Reading,Low,80.36,Fail,Replace or recalibrate sensor
INS0573,V0209,MODEL_B,Plant_2,CMP0236,Battery,Supplier_C,2026-03-26,BAT_TEMP,Overheating,High,32.75,Fail,Inspect cooling system
INS0574,V0191,MODEL_A,Plant_1,CMP0133,Temperature Sensor,,2026-06-14,NO_SIG,No Signal,Medium,66.28,Fail,Check wiring and connector
INS0575,V0430,MODEL_A,Plant_2,CMP0053,Battery,Supplier_C,2026-07-14,BAT_CELL,Cell Imbalance,Medium,9999.0,Fail,Inspect battery cells
INS0576,V0410,MODEL_B,Plant_1,CMP0156,Battery,Supplier_C,2026-08-29,BAT_CELL,Cell Imbalance,High,33.4,Fail,Inspect battery cells
INS0577,V0348,MODEL_A,Plant_3,CMP0143,Brake Sensor,Supplier_C,2026-03-01,CAL_ERR,Calibration Error,Low,97.62,Fail,Recalibrate sensor
INS0578,V0179,MODEL_C,Plant_1,CMP0290,Brake Sensor,,2026-08-14,NO_SIG,No Signal,Low,70.02,Fail,Check wiring and connector
INS0579,V0498,MODEL_A,Plant_3,CMP0180,Brake Sensor,Supplier_B,2026-06-25,CAL_ERR,Calibration Error,Low,77.94,Fail,Recalibrate sensor
INS0580,V0383,MODEL_B,Plant_2,CMP0181,Battery,Supplier_A,2026-04-20,BAT_TEMP,Overheating,Low,30.3,Fail,Inspect cooling system
INS0581,V0182,MODEL_B,Plant_3,CMP0191,Battery,Supplier_A,2026-08-06,BAT_CELL,Cell Imbalance,High,47.32,Fail,Inspect battery cells
INS0582,V0199,MODEL_B,Plant_2,CMP0030,Temperature Sensor,Supplier_B,2026-01-03,TEMP_DRIFT,Signal Drift,Low,103.47,Fail,Perform sensor calibration
INS0583,V0428,MODEL_C,Plant_2,CMP0234,Temperature Sensor,Supplier_C,2026-05-06,TEMP_DRIFT,Signal Drift,Medium,18.7,Fail,Perform sensor calibration
INS0584,V0206,MODEL_B,Plant_1,CMP0162,Temperature Sensor,Supplier_C,2026-05-11,NO_SIG,No Signal,Low,10.83,Fail,Check wiring and connector
INS0585,V0290,MODEL_B,Plant_3,CMP0067,Battery,Supplier_C,2026-04-18,BAT_TEMP,Overheating,Medium,56.78,Fail,Inspect cooling system
INS0586,V0233,MODEL_B,Plant_1,CMP0075,Battery,Supplier_B,2026-08-12,BAT_TEMP,Overheating,Low,36.77,Fail,Inspect cooling system
INS0587,V0260,MODEL_C,Plant_2,CMP0266,Brake Sensor,Supplier_C,2026-01-10,SIG_ERR,Signal Error,Medium,14.2,Fail,Inspect sensor connection
INS0588,V0151,MODEL_B,Plant_2,CMP0056,Temperature Sensor,Supplier_A,2026-07-27,TEMP_DRIFT,Signal Drift,High,-5.16,Fail,Perform sensor calibration
INS0589,V0441,MODEL_B,Plant_3,CMP0032,Temperature Sensor,Supplier_C,2026-04-16,TEMP_DRIFT,Signal Drift,Low,93.74,Fail,Perform sensor calibration
INS0590,V0279,MODEL_A,Plant_1,CMP0162,Brake Sensor,Supplier_B,2026-01-08,CAL_ERR,Calibration Error,Low,98.6,Fail,Recalibrate sensor
INS0591,V0400,MODEL_A,Plant_1,CMP0269,Temperature Sensor,Supplier_A,2026-04-16,TEMP_INV,Invalid Reading,High,22.26,Fail,Replace or recalibrate sensor
INS0592,V0425,MODEL_A,Plant_2,CMP0208,Brake Sensor,Supplier_C,2026-08-25,SIG_ERR,Signal Error,High,42.58,Fail,Inspect sensor connection
INS0593,V0272,MODEL_A,Plant_1,CMP0046,Temperature Sensor,Supplier_B,2026-05-23,NO_SIG,No Signal,Low,19.48,Fail,Check wiring and connector
INS0594,V0264,MODEL_A,Plant_1,CMP0068,Battery,Supplier_C,2026-04-04,BAT_CELL,Cell Imbalance,Medium,71.62,Fail,Inspect battery cells
INS0595,V0410,MODEL_B,Plant_3,CMP0129,Brake Sensor,Supplier_A,2026-07-09,SIG_ERR,Signal Error,High,35.61,Fail,Inspect sensor connection
INS0596,V0244,MODEL_B,Plant_2,CMP0167,Temperature Sensor,Supplier_B,2026-04-15,TEMP_DRIFT,Signal Drift,Medium,110.51,Fail,Perform sensor calibration
INS0597,V0245,MODEL_B,Plant_3,CMP0130,Temperature Sensor,Supplier_C,2026-02-03,TEMP_DRIFT,Signal Drift,High,1.21,Fail,Perform sensor calibration
INS0598,V0413,MODEL_B,Plant_2,CMP0254,Brake Sensor,Supplier_C,2026-03-17,CAL_ERR,Calibration Error,High,60.52,Fail,Recalibrate sensor
INS0599,V0449,MODEL_A,Plant_2,CMP0036,Battery,Supplier_B,2026-08-05,BAT_TEMP,Overheating,Low,61.73,Fail,Inspect cooling system
INS0600,V0406,MODEL_B,Plant_3,CMP0210,Temperature Sensor,Supplier_C,2026-04-04,NO_SIG,No Signal,Low,62.3,Fail,Check wiring and connector
INS0601,V0246,MODEL_B,Plant_1,CMP0135,Brake Sensor,Supplier_B,2026-08-08,SIG_ERR,Signal Error,High,61.69,Fail,Inspect sensor connection
INS0602,V0130,MODEL_B,Plant_3,CMP0077,Brake Sensor,Supplier_C,2026-01-12,CAL_ERR,Calibration Error,Medium,45.94,Fail,Recalibrate sensor
INS0603,V0402,MODEL_B,Plant_1,CMP0241,Brake Sensor,Supplier_A,2026-02-01,SIG_ERR,Signal Error,Low,73.57,Fail,Inspect sensor connection
INS0604,V0482,MODEL_B,Plant_1,CMP0032,Temperature Sensor,Supplier_C,2026-05-15,TEMP_DRIFT,Signal Drift,Low,101.14,Fail,Perform sensor calibration
INS0605,V0250,MODEL_B,Plant_1,CMP0224,Battery,Supplier_C,2026-07-09,BAT_VOLT,Voltage Drop,Medium,9999.0,Fail,Check battery voltage
INS0606,V0416,MODEL_B,Plant_1,CMP0154,Battery,Supplier_A,2026-03-23,BAT_TEMP,Overheating,Medium,76.94,Fail,Inspect cooling system
INS0607,V0382,MODEL_B,Plant_1,CMP0191,Brake Sensor,Supplier_B,2026-07-30,CAL_ERR,Calibration Error,High,89.16,Fail,Recalibrate sensor
INS0608,V0133,MODEL_A,Plant_2,CMP0172,Battery,Supplier_B,2026-06-04,BAT_TEMP,Overheating,High,55.26,Fail,Inspect cooling system
INS0609,V0030,MODEL_A,Plant_2,CMP0228,Battery,Supplier_B,2026-02-06,BAT_TEMP,Overheating,Medium,36.78,Fail,Inspect cooling system
INS0610,V0077,MODEL_A,Plant_2,CMP0088,Brake Sensor,Supplier_A,2026-02-04,CAL_ERR,Calibration Error,Medium,62.92,Fail,Recalibrate sensor
INS0611,V0455,MODEL_A,Plant_3,CMP0032,Brake Sensor,Supplier_B,2026-06-29,SIG_ERR,Signal Error,High,64.75,Fail,Inspect sensor connection
INS0612,V0241,MODEL_B,Plant_2,CMP0217,Temperature Sensor,Supplier_B,2026-04-29,TEMP_DRIFT,Signal Drift,Medium,73.96,Fail,Perform sensor calibration
INS0613,V0343,MODEL_B,Plant_3,CMP0256,Battery,Supplier_A,2026-03-25,BAT_VOLT,Voltage Drop,Low,76.44,Fail,Check battery voltage
INS0614,V0453,MODEL_B,Plant_2,CMP0164,Brake Sensor,,2026-03-10,SIG_ERR,Signal Error,Medium,6.85,Fail,Inspect sensor connection
INS0615,V0280,MODEL_C,Plant_1,CMP0293,Brake Sensor,Supplier_C,2026-03-13,SIG_ERR,Signal Error,High,49.24,Fail,Inspect sensor connection
INS0616,V0050,MODEL_B,Plant_3,CMP0286,Battery,Supplier_B,2026-07-28,BAT_TEMP,Overheating,Medium,74.81,Fail,Inspect cooling system
INS0617,V0479,MODEL_A,Plant_1,CMP0170,Battery,Supplier_A,2026-06-08,BAT_TEMP,Overheating,Low,53.59,Fail,Inspect cooling system
INS0618,V0350,MODEL_B,Plant_1,CMP0212,Battery,Supplier_C,2026-04-06,BAT_CELL,Cell Imbalance,Medium,53.55,Fail,Inspect battery cells
INS0619,V0204,MODEL_C,Plant_3,CMP0069,Temperature Sensor,Supplier_B,2026-04-22,TEMP_DRIFT,Signal Drift,Medium,84.18,Fail,Perform sensor calibration
INS0620,V0143,MODEL_C,Plant_1,CMP0136,Brake Sensor,Supplier_C,2026-01-28,CAL_ERR,Calibration Error,Medium,38.71,Fail,Recalibrate sensor
INS0621,V0338,MODEL_A,Plant_1,CMP0168,Temperature Sensor,Supplier_A,2026-02-12,TEMP_INV,Invalid Reading,High,89.26,Fail,Replace or recalibrate sensor
INS0622,V0221,MODEL_C,Plant_3,CMP0206,Brake Sensor,Supplier_A,2026-06-08,SIG_ERR,Signal Error,Low,42.19,Fail,Inspect sensor connection
INS0623,V0495,MODEL_C,Plant_2,CMP0200,Battery,Supplier_C,2026-02-04,BAT_VOLT,Voltage Drop,Low,23.41,Fail,Check battery voltage
INS0624,V0438,MODEL_A,Plant_3,CMP0073,Brake Sensor,Supplier_A,2026-05-26,CAL_ERR,Calibration Error,High,61.2,Fail,Recalibrate sensor
INS0625,V0474,MODEL_A,Plant_1,CMP0251,Battery,Supplier_C,2026-08-07,BAT_TEMP,Overheating,Low,63.59,Fail,Inspect cooling system
INS0626,V0001,MODEL_B,Plant_1,CMP0195,Temperature Sensor,Supplier_B,2026-04-20,TEMP_DRIFT,Signal Drift,High,45.76,Fail,Perform sensor calibration
INS0627,V0056,MODEL_C,Plant_1,CMP0220,Brake Sensor,Supplier_C,2026-08-07,SIG_ERR,Signal Error,Medium,76.87,Fail,Inspect sensor connection
INS0628,V0189,MODEL_B,Plant_1,CMP0047,Brake Sensor,Supplier_A,2026-08-10,NO_SIG,No Signal,High,46.78,Fail,Check wiring and connector
INS0629,V0260,MODEL_B,Plant_2,CMP0193,Temperature Sensor,Supplier_B,2026-04-18,TEMP_DRIFT,Signal Drift,High,41.87,Fail,Perform sensor calibration
INS0630,V0391,MODEL_A,Plant_1,CMP0011,Temperature Sensor,Supplier_A,2026-08-06,TEMP_INV,Invalid Reading,Medium,95.9,Fail,Replace or recalibrate sensor
INS0631,V0119,MODEL_A,Plant_2,CMP0039,Brake Sensor,Supplier_A,2026-05-02,NO_SIG,No Signal,Low,17.96,Fail,Check wiring and connector
INS0632,V0187,MODEL_A,Plant_1,CMP0023,Battery,,2026-08-20,BAT_VOLT,Voltage Drop,High,65.4,Fail,Check battery voltage
INS0633,V0305,MODEL_B,Plant_1,CMP0006,Brake Sensor,Supplier_C,2026-08-20,CAL_ERR,Calibration Error,Medium,54.38,Fail,Recalibrate sensor
INS0634,V0037,MODEL_B,Plant_1,CMP0201,Brake Sensor,Supplier_B,2026-02-16,SIG_ERR,Signal Error,Medium,19.85,Fail,Inspect sensor connection
INS0635,V0456,MODEL_B,Plant_3,CMP0048,Temperature Sensor,Supplier_C,2026-02-16,,Signal Drift,Medium,84.35,Fail,Perform sensor calibration
INS0636,V0317,MODEL_A,Plant_2,CMP0065,Brake Sensor,Supplier_C,2026-07-22,CAL_ERR,Calibration Error,High,23.07,Fail,Recalibrate sensor
INS0637,V0449,MODEL_A,Plant_1,CMP0132,Brake Sensor,Supplier_B,2026-03-06,SIG_ERR,Signal Error,Low,33.69,Fail,Inspect sensor connection
INS0638,V0440,MODEL_B,Plant_2,CMP0114,Battery,Supplier_C,2026-06-15,BAT_TEMP,Overheating,Low,23.48,Fail,Inspect cooling system
INS0639,V0437,MODEL_A,Plant_1,CMP0016,Temperature Sensor,Supplier_C,2026-06-04,TEMP_INV,Invalid Reading,Low,84.85,Fail,Replace or recalibrate sensor
INS0640,V0229,MODEL_C,Plant_3,CMP0184,Brake Sensor,Supplier_A,2026-03-24,SIG_ERR,Signal Error,Low,44.0,Fail,Inspect sensor connection
INS0641,V0268,MODEL_A,Plant_1,CMP0059,Temperature Sensor,Supplier_B,2026-05-20,NO_SIG,No Signal,High,-2.13,Fail,Check wiring and connector
INS0642,V0344,MODEL_B,Plant_1,CMP0137,Brake Sensor,Supplier_B,2026-08-29,SIG_ERR,Signal Error,Low,51.4,Fail,Inspect sensor connection
INS0643,V0257,MODEL_A,Plant_1,CMP0168,Temperature Sensor,Supplier_B,2026-01-02,TEMP_DRIFT,Signal Drift,Medium,-3.93,Fail,Perform sensor calibration
INS0644,V0372,MODEL_B,Plant_2,CMP0256,Battery,Supplier_A,2026-03-05,BAT_TEMP,Overheating,Low,21.77,Fail,Inspect cooling system
INS0645,V0384,MODEL_A,Plant_2,CMP0074,Brake Sensor,Supplier_C,2026-03-31,SIG_ERR,Signal Error,High,19.96,Fail,Inspect sensor connection
INS0646,V0301,MODEL_A,Plant_1,CMP0120,Brake Sensor,Supplier_A,2026-03-30,CAL_ERR,Calibration Error,High,37.87,Fail,Recalibrate sensor
INS0647,V0042,MODEL_A,Plant_3,CMP0185,Battery,Supplier_A,2026-05-14,BAT_TEMP,Overheating,Medium,63.87,Fail,Inspect cooling system
INS0648,V0159,MODEL_A,Plant_1,CMP0209,Battery,Supplier_C,2026-08-22,BAT_VOLT,Voltage Drop,High,66.46,Fail,Check battery voltage
INS0649,V0196,MODEL_A,Plant_3,CMP0125,Battery,Supplier_B,2026-04-22,BAT_TEMP,Overheating,Low,70.13,Fail,Inspect cooling system
INS0650,V0456,MODEL_B,Plant_2,CMP0061,Brake Sensor,Supplier_B,2026-07-05,NO_SIG,No Signal,High,51.16,Fail,Check wiring and connector
INS0651,V0455,MODEL_A,Plant_3,CMP0171,Battery,Supplier_C,2026-06-18,BAT_VOLT,Voltage Drop,Medium,47.26,Fail,Check battery voltage
INS0652,V0454,MODEL_C,Plant_1,CMP0207,Battery,Supplier_C,2026-06-13,BAT_VOLT,Voltage Drop,Low,39.51,Fail,Check battery voltage
INS0653,V0241,MODEL_C,Plant_2,CMP0289,Brake Sensor,Supplier_B,2026-02-22,SIG_ERR,Signal Error,Medium,63.11,Fail,Inspect sensor connection
INS0654,V0261,MODEL_A,Plant_2,CMP0132,Battery,Supplier_A,2026-04-27,BAT_CELL,Cell Imbalance,Medium,47.5,Fail,Inspect battery cells
INS0655,V0175,MODEL_B,Plant_1,CMP0063,Temperature Sensor,,2026-03-23,TEMP_DRIFT,Signal Drift,Low,-3.36,Fail,Perform sensor calibration
INS0656,V0046,MODEL_B,Plant_1,CMP0198,Brake Sensor,Supplier_A,2026-05-12,CAL_ERR,Calibration Error,High,78.0,Fail,Recalibrate sensor
INS0657,V0375,MODEL_C,Plant_1,CMP0268,Battery,Supplier_B,2026-06-04,BAT_VOLT,Voltage Drop,Low,50.98,Fail,Check battery voltage
INS0658,V0163,MODEL_B,Plant_3,CMP0005,Battery,Supplier_A,2026-07-17,BAT_VOLT,Voltage Drop,High,48.38,Fail,Check battery voltage
INS0659,V0013,MODEL_B,Plant_3,CMP0268,Temperature Sensor,Supplier_C,2026-07-07,NO_SIG,No Signal,Medium,83.31,Fail,Check wiring and connector
INS0660,V0059,MODEL_C,Plant_2,CMP0207,Brake Sensor,Supplier_A,2026-01-26,SIG_ERR,Signal Error,Critical,61.04,Fail,Inspect sensor connection
INS0661,V0468,MODEL_B,Plant_3,CMP0176,Battery,Supplier_B,2026-02-26,BAT_TEMP,Overheating,Medium,53.84,Fail,Inspect cooling system
INS0662,V0124,MODEL_B,Plant_1,CMP0114,Brake Sensor,Supplier_C,2026-08-25,NO_SIG,No Signal,Critical,75.39,Fail,Check wiring and connector
INS0663,V0097,MODEL_C,Plant_1,CMP0291,Temperature Sensor,Supplier_B,2026-01-12,NO_SIG,No Signal,Low,119.62,Fail,Check wiring and connector
INS0664,V0216,MODEL_A,Plant_3,CMP0171,Brake Sensor,Supplier_A,2026-07-17,SIG_ERR,Signal Error,Low,99.14,Fail,Inspect sensor connection
INS0665,V0470,MODEL_A,Plant_2,CMP0195,Temperature Sensor,Supplier_C,2026-07-01,TEMP_DRIFT,Signal Drift,Medium,28.9,Fail,Perform sensor calibration
INS0666,V0048,MODEL_B,Plant_3,CMP0215,Battery,Supplier_A,2026-06-10,BAT_VOLT,Voltage Drop,Medium,27.7,Fail,Check battery voltage
INS0667,V0135,MODEL_C,Plant_3,CMP0008,Brake Sensor,Supplier_B,2026-06-20,SIG_ERR,Signal Error,Low,45.78,Fail,Inspect sensor connection
INS0668,V0361,MODEL_B,Plant_2,CMP0226,Temperature Sensor,Supplier_B,2026-08-08,TEMP_DRIFT,Signal Drift,Medium,109.59,Fail,Perform sensor calibration
INS0669,V0403,MODEL_C,Plant_1,CMP0116,Temperature Sensor,Supplier_A,2026-07-14,TEMP_INV,Invalid Reading,Low,92.91,Fail,Replace or recalibrate sensor
INS0670,V0184,MODEL_B,Plant_3,CMP0020,Brake Sensor,Supplier_B,2026-02-17,SIG_ERR,Signal Error,Medium,84.53,Fail,Inspect sensor connection
INS0671,V0339,MODEL_C,Plant_3,CMP0210,Temperature Sensor,Supplier_C,2026-04-01,TEMP_INV,Invalid Reading,Medium,34.42,Fail,Replace or recalibrate sensor
INS0672,V0286,MODEL_B,Plant_3,CMP0159,Brake Sensor,Supplier_C,2026-01-14,CAL_ERR,Calibration Error,Low,45.83,Fail,Recalibrate sensor
INS0673,V0048,MODEL_B,Plant_2,CMP0260,Battery,Supplier_B,2026-03-04,BAT_CELL,Cell Imbalance,Medium,72.23,Fail,Inspect battery cells
INS0674,V0212,MODEL_A,Plant_3,CMP0103,Brake Sensor,Supplier_B,2026-07-28,NO_SIG,No Signal,Low,48.57,Fail,Check wiring and connector
INS0675,V0385,MODEL_C,Plant_1,CMP0017,Brake Sensor,,2026-08-05,NO_SIG,No Signal,High,97.13,Fail,Check wiring and connector
INS0676,V0226,MODEL_A,Plant_1,CMP0242,Battery,Supplier_B,2026-08-15,BAT_TEMP,Overheating,Low,25.44,Fail,Inspect cooling system
INS0677,V0224,MODEL_B,Plant_2,CMP0006,Battery,Supplier_A,2026-06-26,BAT_TEMP,Overheating,Medium,49.65,Fail,Inspect cooling system
INS0678,V0438,MODEL_C,Plant_3,CMP0287,Temperature Sensor,Supplier_B,2026-06-02,NO_SIG,No Signal,Low,68.72,Fail,Check wiring and connector
INS0679,V0287,MODEL_A,Plant_1,CMP0196,Temperature Sensor,Supplier_B,2026-05-19,TEMP_INV,Invalid Reading,High,12.66,Fail,Replace or recalibrate sensor
INS0680,V0309,MODEL_B,Plant_2,CMP0168,Battery,Supplier_A,2026-05-23,BAT_VOLT,Voltage Drop,Low,60.21,Fail,Check battery voltage
INS0681,V0428,MODEL_A,Plant_3,CMP0054,Battery,Supplier_B,2026-07-14,BAT_TEMP,Overheating,Medium,79.49,Fail,Inspect cooling system
INS0682,V0498,MODEL_B,Plant_1,CMP0047,Brake Sensor,Supplier_C,2026-04-07,SIG_ERR,Signal Error,Low,56.7,Fail,Inspect sensor connection
INS0683,V0284,MODEL_B,Plant_3,CMP0017,Battery,Supplier_A,2026-05-15,BAT_VOLT,Voltage Drop,Medium,71.59,Fail,Check battery voltage
INS0684,V0138,MODEL_C,Plant_1,CMP0255,Battery,Supplier_B,2026-01-30,BAT_VOLT,Voltage Drop,Low,29.0,Fail,Check battery voltage
INS0685,V0205,MODEL_B,Plant_2,CMP0235,Temperature Sensor,Supplier_C,2026-02-07,NO_SIG,No Signal,Medium,43.4,Fail,Check wiring and connector
INS0686,V0317,MODEL_C,Plant_1,CMP0012,Temperature Sensor,Supplier_B,2026-07-16,NO_SIG,No Signal,High,106.52,Fail,Check wiring and connector
INS0687,V0496,MODEL_B,Plant_3,CMP0050,Battery,Supplier_C,2026-06-22,BAT_TEMP,Overheating,Medium,34.79,Fail,Inspect cooling system
INS0688,V0372,MODEL_A,Plant_3,CMP0084,Battery,Supplier_A,2026-03-26,BAT_TEMP,Overheating,Low,71.41,Fail,Inspect cooling system
INS0689,V0129,MODEL_C,Plant_3,CMP0171,Temperature Sensor,Supplier_A,2026-03-18,NO_SIG,No Signal,High,2.6,Fail,Check wiring and connector
INS0690,V0298,MODEL_B,Plant_1,CMP0092,Brake Sensor,Supplier_B,2026-01-01,CAL_ERR,Calibration Error,High,76.93,Fail,Recalibrate sensor
INS0691,V0209,MODEL_C,Plant_1,CMP0125,Brake Sensor,Supplier_A,2026-04-04,SIG_ERR,Signal Error,Low,1.68,Fail,Inspect sensor connection
INS0692,V0023,MODEL_A,Plant_3,CMP0001,Brake Sensor,Supplier_C,2026-05-27,NO_SIG,No Signal,Medium,20.29,Fail,Check wiring and connector
INS0693,V0202,MODEL_C,Plant_2,CMP0095,Temperature Sensor,Supplier_A,2026-02-07,TEMP_INV,Invalid Reading,High,-11.96,Fail,Replace or recalibrate sensor
INS0694,V0256,MODEL_C,Plant_1,CMP0230,Temperature Sensor,Supplier_C,2026-05-12,TEMP_INV,Invalid Reading,Low,2.88,Fail,Replace or recalibrate sensor
INS0695,V0375,MODEL_A,Plant_3,CMP0112,Battery,Supplier_B,2026-06-30,BAT_TEMP,Overheating,Low,34.54,Fail,Inspect cooling system
INS0696,V0366,MODEL_B,Plant_3,CMP0121,Brake Sensor,Supplier_A,2026-04-21,NO_SIG,No Signal,High,70.33,Fail,Check wiring and connector
INS0697,V0347,MODEL_C,Plant_2,CMP0024,Brake Sensor,Supplier_B,2026-04-28,CAL_ERR,Calibration Error,High,80.61,Fail,Recalibrate sensor
INS0698,V0038,MODEL_B,Plant_2,CMP0263,Battery,Supplier_A,2026-02-01,BAT_CELL,Cell Imbalance,High,29.31,Fail,Inspect battery cells
INS0699,V0201,MODEL_A,Plant_3,CMP0109,Brake Sensor,Supplier_C,2026-02-21,CAL_ERR,Calibration Error,Low,9.46,Fail,Recalibrate sensor
INS0700,V0309,MODEL_B,Plant_2,CMP0054,Brake Sensor,Supplier_C,2026-06-07,NO_SIG,No Signal,High,51.03,Fail,Check wiring and connector
INS0701,V0161,MODEL_A,Plant_2,CMP0278,Brake Sensor,Supplier_C,2026-05-11,NO_SIG,No Signal,Medium,76.19,Fail,Check wiring and connector
INS0702,V0350,MODEL_B,Plant_3,CMP0115,Battery,Supplier_A,2026-01-22,BAT_TEMP,Overheating,Medium,71.3,Fail,Inspect cooling system
INS0703,V0177,MODEL_B,Plant_2,CMP0214,Brake Sensor,Supplier_C,2026-08-28,CAL_ERR,Calibration Error,Medium,86.08,Fail,Recalibrate sensor
INS0704,V0479,MODEL_B,Plant_3,CMP0277,Battery,Supplier_A,2026-02-08,BAT_VOLT,Voltage Drop,Low,75.04,Fail,Check battery voltage
INS0705,V0218,MODEL_C,Plant_2,CMP0192,Temperature Sensor,Supplier_B,2026-08-21,NO_SIG,No Signal,Medium,115.71,Fail,Check wiring and connector
INS0706,V0169,MODEL_A,Plant_3,CMP0108,Temperature Sensor,Supplier_B,2026-04-11,TEMP_DRIFT,Signal Drift,High,11.82,Fail,Perform sensor calibration
INS0707,V0451,MODEL_A,Plant_3,CMP0257,Temperature Sensor,Supplier_A,2026-03-05,NO_SIG,No Signal,Medium,67.61,Fail,Check wiring and connector
INS0708,V0444,MODEL_A,Plant_2,CMP0036,Brake Sensor,Supplier_B,2026-04-17,CAL_ERR,Calibration Error,Medium,98.37,Fail,Recalibrate sensor
INS0709,V0327,MODEL_B,Plant_1,CMP0058,Battery,Supplier_B,2026-01-24,BAT_TEMP,Overheating,High,50.62,Fail,Inspect cooling system
INS0710,V0427,MODEL_A,Plant_2,CMP0248,Battery,Supplier_B,2026-05-31,BAT_TEMP,Overheating,High,51.05,Fail,Inspect cooling system
INS0711,V0489,MODEL_A,Plant_3,CMP0236,Temperature Sensor,Supplier_A,2026-08-21,TEMP_INV,Invalid Reading,Medium,85.58,Fail,Replace or recalibrate sensor
INS0712,V0175,MODEL_A,Plant_2,CMP0144,Battery,Supplier_B,2026-06-04,BAT_TEMP,Overheating,Low,63.61,Fail,Inspect cooling system
INS0713,V0214,MODEL_A,Plant_1,CMP0099,Temperature Sensor,Supplier_A,2026-07-10,NO_SIG,No Signal,High,49.64,Fail,Check wiring and connector
INS0714,V0149,MODEL_C,Plant_1,CMP0147,Battery,Supplier_B,2026-01-07,BAT_VOLT,Voltage Drop,Medium,31.07,Fail,Check battery voltage
INS0715,V0158,MODEL_B,Plant_3,CMP0109,Battery,Supplier_A,2026-03-01,BAT_VOLT,Voltage Drop,High,75.95,Fail,Check battery voltage
INS0716,V0168,MODEL_B,Plant_3,CMP0197,Temperature Sensor,Supplier_A,2026-06-05,NO_SIG,No Signal,Medium,-12.71,Fail,Check wiring and connector
INS0717,V0181,MODEL_B,Plant_1,CMP0021,Battery,Supplier_C,2026-05-07,BAT_VOLT,Voltage Drop,Low,25.3,Fail,Check battery voltage
INS0718,V0264,MODEL_C,Plant_3,CMP0112,Temperature Sensor,Supplier_B,2026-03-30,TEMP_DRIFT,Signal Drift,High,29.9,Fail,Perform sensor calibration
INS0719,V0486,MODEL_A,Plant_2,CMP0154,Temperature Sensor,,2026-06-21,TEMP_INV,Invalid Reading,Low,38.03,Fail,Replace or recalibrate sensor
INS0720,V0252,MODEL_C,Plant_2,CMP0068,Temperature Sensor,Supplier_B,2026-04-24,TEMP_DRIFT,Signal Drift,Low,68.11,Fail,Perform sensor calibration
INS0721,V0448,MODEL_C,Plant_3,CMP0205,Battery,Supplier_B,2026-04-07,BAT_TEMP,Overheating,Low,53.64,Fail,Inspect cooling system
INS0722,V0186,MODEL_B,Plant_2,CMP0041,Temperature Sensor,Supplier_C,2026-05-04,TEMP_INV,Invalid Reading,Medium,14.08,Fail,Replace or recalibrate sensor
INS0723,V0242,MODEL_A,Plant_3,CMP0022,Battery,Supplier_C,2026-01-14,BAT_VOLT,Voltage Drop,Medium,29.43,Fail,Check battery voltage
INS0724,V0394,MODEL_B,Plant_1,CMP0208,Battery,Supplier_A,2026-07-29,BAT_VOLT,Voltage Drop,Medium,73.7,Fail,Check battery voltage
INS0725,V0055,MODEL_A,Plant_2,CMP0147,Battery,Supplier_A,2026-02-28,BAT_TEMP,Overheating,Low,37.09,Fail,Inspect cooling system
INS0726,V0144,MODEL_B,Plant_2,CMP0277,Brake Sensor,Supplier_B,2026-04-30,CAL_ERR,Calibration Error,Low,10.97,Fail,Recalibrate sensor
INS0727,V0371,MODEL_C,Plant_1,CMP0002,Brake Sensor,Supplier_A,2026-04-29,CAL_ERR,Calibration Error,High,19.67,Fail,Recalibrate sensor
INS0728,V0022,MODEL_A,Plant_3,CMP0259,Brake Sensor,Supplier_B,2026-04-01,SIG_ERR,Signal Error,Medium,6.45,Fail,Inspect sensor connection
INS0729,V0240,MODEL_B,Plant_1,CMP0118,Brake Sensor,Supplier_B,2026-02-15,CAL_ERR,Calibration Error,Critical,39.92,Fail,Recalibrate sensor
INS0730,V0160,MODEL_A,Plant_3,CMP0236,Brake Sensor,Supplier_A,2026-04-12,NO_SIG,No Signal,Low,42.66,Fail,Check wiring and connector
INS0731,V0033,MODEL_A,Plant_3,CMP0274,Battery,,2026-02-05,BAT_VOLT,Voltage Drop,High,49.43,Fail,Check battery voltage
INS0732,V0461,MODEL_C,Plant_2,CMP0212,Brake Sensor,Supplier_C,2026-03-03,NO_SIG,No Signal,Low,53.85,Fail,Check wiring and connector
INS0733,V0171,MODEL_C,Plant_2,CMP0291,Temperature Sensor,Supplier_C,2026-03-31,TEMP_DRIFT,Signal Drift,High,16.0,Fail,Perform sensor calibration
INS0734,V0191,MODEL_C,Plant_2,CMP0125,Battery,Supplier_A,2026-07-28,BAT_VOLT,Voltage Drop,High,33.36,Fail,Check battery voltage
INS0735,V0151,MODEL_B,Plant_2,CMP0084,Battery,Supplier_C,2026-05-12,BAT_VOLT,Voltage Drop,Low,70.75,Fail,Check battery voltage
INS0736,V0102,MODEL_A,Plant_3,CMP0298,Battery,Supplier_C,2026-08-21,BAT_CELL,Cell Imbalance,High,51.83,Fail,Inspect battery cells
INS0737,V0304,MODEL_C,Plant_1,CMP0075,Temperature Sensor,Supplier_B,2026-06-04,TEMP_DRIFT,Signal Drift,Low,-10.75,Fail,Perform sensor calibration
INS0738,V0483,MODEL_C,Plant_1,CMP0239,Temperature Sensor,Supplier_C,2026-03-22,TEMP_DRIFT,Signal Drift,High,68.36,Fail,Perform sensor calibration
INS0739,V0040,MODEL_B,Plant_2,CMP0224,Temperature Sensor,Supplier_A,2026-01-13,TEMP_INV,Invalid Reading,Low,87.02,Fail,Replace or recalibrate sensor
INS0740,V0032,MODEL_B,Plant_1,CMP0190,Battery,Supplier_A,2026-01-09,BAT_TEMP,Overheating,Low,69.06,Fail,Inspect cooling system
INS0741,V0328,MODEL_A,Plant_3,CMP0163,Brake Sensor,Supplier_C,2026-04-08,NO_SIG,No Signal,High,13.36,Fail,Check wiring and connector
INS0742,V0041,MODEL_B,Plant_3,CMP0193,Brake Sensor,Supplier_C,2026-04-14,SIG_ERR,Signal Error,High,46.77,Fail,Inspect sensor connection
INS0743,V0026,MODEL_A,Plant_2,CMP0220,Battery,Supplier_B,2026-04-14,BAT_TEMP,Overheating,Medium,43.9,Fail,Inspect cooling system
INS0744,V0252,MODEL_B,Plant_2,CMP0004,Temperature Sensor,Supplier_A,2026-02-18,NO_SIG,No Signal,Low,0.31,Fail,Check wiring and connector
INS0745,V0068,MODEL_C,Plant_3,CMP0019,Brake Sensor,Supplier_B,2026-07-20,CAL_ERR,Calibration Error,Medium,72.96,Fail,Recalibrate sensor
INS0746,V0041,MODEL_A,Plant_1,CMP0123,Battery,Supplier_A,2026-03-27,BAT_CELL,Cell Imbalance,Low,38.52,Fail,Inspect battery cells
INS0747,V0068,MODEL_B,Plant_3,CMP0094,Brake Sensor,Supplier_A,2026-04-15,SIG_ERR,Signal Error,Medium,44.39,Fail,Inspect sensor connection
INS0748,V0017,MODEL_C,Plant_1,CMP0213,Brake Sensor,Supplier_A,2026-06-10,NO_SIG,No Signal,Low,17.82,Fail,Check wiring and connector
INS0749,V0309,MODEL_C,Plant_3,CMP0277,Temperature Sensor,Supplier_B,2026-01-15,NO_SIG,No Signal,Low,85.64,Fail,Check wiring and connector
INS0750,V0226,MODEL_B,Plant_3,CMP0297,Temperature Sensor,Supplier_B,2026-05-01,NO_SIG,No Signal,High,17.59,Fail,Check wiring and connector
INS0751,V0118,MODEL_A,Plant_1,CMP0060,Temperature Sensor,Supplier_A,2026-08-12,NO_SIG,No Signal,Medium,28.03,Fail,Check wiring and connector
INS0752,V0325,MODEL_A,Plant_3,CMP0119,Battery,Supplier_A,2026-07-12,BAT_CELL,Cell Imbalance,Medium,65.15,Fail,Inspect battery cells
INS0753,V0464,MODEL_C,Plant_1,CMP0060,Temperature Sensor,Supplier_C,2026-06-26,TEMP_INV,Invalid Reading,High,48.3,Fail,Replace or recalibrate sensor
INS0754,V0327,MODEL_B,Plant_1,CMP0128,Brake Sensor,Supplier_B,2026-06-04,CAL_ERR,Calibration Error,Medium,67.14,Fail,Recalibrate sensor
INS0755,V0384,MODEL_B,Plant_1,CMP0134,Temperature Sensor,Supplier_B,2026-05-01,TEMP_INV,Invalid Reading,Low,50.91,Fail,Replace or recalibrate sensor
INS0756,V0478,MODEL_C,Plant_1,CMP0162,Temperature Sensor,Supplier_C,2026-02-03,TEMP_DRIFT,Signal Drift,High,98.82,Fail,Perform sensor calibration
INS0757,V0341,MODEL_A,Plant_3,CMP0274,Battery,Supplier_A,2026-02-03,BAT_CELL,Cell Imbalance,Low,75.22,Fail,Inspect battery cells
INS0758,V0025,MODEL_C,Plant_3,CMP0274,Battery,Supplier_A,2026-04-03,BAT_TEMP,Overheating,Medium,65.3,Fail,Inspect cooling system
INS0759,V0183,MODEL_B,Plant_1,CMP0178,Battery,Supplier_B,2026-01-05,BAT_VOLT,Voltage Drop,Medium,78.65,Fail,Check battery voltage
INS0760,V0203,MODEL_A,Plant_3,CMP0115,Battery,Supplier_A,2026-01-02,BAT_TEMP,Overheating,High,65.42,Fail,Inspect cooling system
INS0761,V0306,MODEL_A,Plant_3,CMP0277,Battery,Supplier_B,2026-08-22,BAT_TEMP,Overheating,Medium,71.47,Fail,Inspect cooling system
INS0762,V0046,MODEL_C,Plant_1,CMP0293,Temperature Sensor,Supplier_A,2026-01-25,NO_SIG,No Signal,Medium,107.94,Fail,Check wiring and connector
INS0763,V0226,MODEL_B,Plant_3,CMP0225,Brake Sensor,Supplier_C,2026-05-29,CAL_ERR,Calibration Error,Medium,57.59,Fail,Recalibrate sensor
INS0764,V0469,MODEL_A,Plant_3,CMP0147,Temperature Sensor,Supplier_B,2026-05-30,NO_SIG,No Signal,Medium,0.93,Fail,Check wiring and connector
INS0765,V0484,MODEL_C,Plant_3,CMP0166,Battery,Supplier_C,2026-05-06,BAT_VOLT,Voltage Drop,High,63.0,Fail,Check battery voltage
INS0766,V0125,MODEL_B,Plant_3,CMP0300,Temperature Sensor,Supplier_B,2026-04-22,TEMP_INV,Invalid Reading,Low,60.9,Fail,Replace or recalibrate sensor
INS0767,V0174,MODEL_A,Plant_2,CMP0196,Battery,Supplier_B,2026-03-06,BAT_TEMP,Overheating,Low,22.53,Fail,Inspect cooling system
INS0768,V0209,MODEL_A,Plant_3,CMP0299,Battery,Supplier_A,2026-03-24,BAT_TEMP,Overheating,Medium,78.29,Fail,Inspect cooling system
INS0769,V0349,MODEL_B,Plant_3,CMP0066,Brake Sensor,Supplier_A,2026-05-25,CAL_ERR,Calibration Error,High,19.87,Fail,Recalibrate sensor
INS0770,V0002,MODEL_B,Plant_3,CMP0229,Battery,Supplier_B,2026-01-14,BAT_TEMP,Overheating,Medium,58.57,Fail,Inspect cooling system
INS0771,V0226,MODEL_C,Plant_1,CMP0103,Brake Sensor,Supplier_A,2026-02-23,NO_SIG,No Signal,High,66.56,Fail,Check wiring and connector
INS0772,V0154,MODEL_C,Plant_1,CMP0281,Brake Sensor,Supplier_B,2026-03-12,NO_SIG,No Signal,Low,44.29,Fail,Check wiring and connector
INS0773,V0491,MODEL_A,Plant_1,CMP0256,Battery,Supplier_C,2026-06-01,BAT_CELL,Cell Imbalance,Critical,48.77,Fail,Inspect battery cells
INS0774,V0268,MODEL_C,Plant_2,CMP0298,Battery,Supplier_B,2026-06-15,BAT_CELL,Cell Imbalance,Medium,26.77,Fail,Inspect battery cells
INS0775,V0432,MODEL_A,Plant_2,CMP0129,Battery,Supplier_C,2026-02-28,BAT_TEMP,Overheating,Low,67.09,Fail,Inspect cooling system
INS0776,V0413,MODEL_C,Plant_2,CMP0125,Temperature Sensor,Supplier_C,2026-03-27,TEMP_DRIFT,Signal Drift,High,94.87,Fail,Perform sensor calibration
INS0777,V0453,MODEL_B,Plant_2,CMP0277,Brake Sensor,Supplier_A,2026-01-18,NO_SIG,No Signal,Medium,56.59,Fail,Check wiring and connector
INS0778,V0479,MODEL_A,Plant_2,CMP0194,Temperature Sensor,Supplier_C,2026-08-21,TEMP_INV,Invalid Reading,Medium,78.61,Fail,Replace or recalibrate sensor
INS0779,V0241,MODEL_B,Plant_3,CMP0081,Battery,Supplier_A,2026-04-11,BAT_CELL,Cell Imbalance,High,40.65,Fail,Inspect battery cells
INS0780,V0232,MODEL_A,Plant_3,CMP0125,Brake Sensor,Supplier_A,2026-04-11,CAL_ERR,Calibration Error,Medium,39.84,Fail,Recalibrate sensor
INS0781,V0431,MODEL_C,Plant_3,CMP0237,Temperature Sensor,Supplier_A,2026-02-23,TEMP_INV,Invalid Reading,Low,49.85,Fail,Replace or recalibrate sensor
INS0782,V0398,MODEL_A,Plant_2,CMP0215,Battery,Supplier_B,2026-03-13,BAT_TEMP,Overheating,Low,21.54,Fail,Inspect cooling system
INS0783,V0423,MODEL_B,Plant_1,CMP0281,Battery,Supplier_C,2026-05-10,BAT_TEMP,Overheating,Medium,64.62,Fail,Inspect cooling system
INS0784,V0333,MODEL_B,Plant_3,CMP0150,Battery,Supplier_B,2026-03-18,BAT_TEMP,Overheating,Low,78.98,Fail,Inspect cooling system
INS0785,V0045,MODEL_A,Plant_3,CMP0197,Battery,Supplier_C,2026-01-09,BAT_CELL,Cell Imbalance,Medium,39.65,Fail,Inspect battery cells
INS0786,V0216,MODEL_A,Plant_2,CMP0026,Temperature Sensor,Supplier_C,2026-04-25,TEMP_DRIFT,Signal Drift,Low,16.95,Fail,Perform sensor calibration
INS0787,V0429,MODEL_A,Plant_1,CMP0080,Brake Sensor,Supplier_A,2026-02-05,CAL_ERR,Calibration Error,Low,18.09,Fail,Recalibrate sensor
INS0788,V0011,MODEL_B,Plant_3,CMP0279,Brake Sensor,Supplier_B,2026-06-03,CAL_ERR,Calibration Error,Medium,59.24,Fail,Recalibrate sensor
INS0789,V0214,MODEL_C,Plant_2,CMP0115,Brake Sensor,Supplier_A,2026-05-21,NO_SIG,No Signal,Low,52.54,Fail,Check wiring and connector
INS0790,V0493,MODEL_B,Plant_2,CMP0199,Temperature Sensor,Supplier_A,2026-05-27,NO_SIG,No Signal,High,99.69,Fail,Check wiring and connector
INS0791,V0057,MODEL_C,Plant_1,CMP0153,Temperature Sensor,Supplier_C,2026-04-22,NO_SIG,No Signal,Low,10.59,Fail,Check wiring and connector
INS0792,V0441,MODEL_B,Plant_3,CMP0123,Battery,Supplier_B,2026-02-11,BAT_TEMP,Overheating,High,72.33,Fail,Inspect cooling system
INS0793,V0336,MODEL_C,Plant_3,CMP0113,Brake Sensor,Supplier_A,2026-03-25,NO_SIG,No Signal,Low,85.66,Fail,Check wiring and connector
INS0794,V0183,MODEL_A,Plant_3,CMP0128,Brake Sensor,Supplier_A,2026-01-15,NO_SIG,No Signal,Medium,82.23,Fail,Check wiring and connector
INS0795,V0028,MODEL_A,Plant_3,CMP0194,Brake Sensor,Supplier_C,2026-05-07,SIG_ERR,Signal Error,High,42.44,Fail,Inspect sensor connection
INS0796,V0143,MODEL_A,Plant_2,CMP0272,Temperature Sensor,Supplier_C,2026-03-22,TEMP_DRIFT,Signal Drift,Medium,71.55,Fail,Perform sensor calibration
INS0797,V0417,MODEL_A,Plant_3,CMP0187,Temperature Sensor,Supplier_C,2026-07-13,TEMP_DRIFT,Signal Drift,Medium,94.93,Fail,Perform sensor calibration
INS0798,V0340,MODEL_C,Plant_3,CMP0160,Battery,Supplier_B,2026-06-23,BAT_TEMP,Overheating,High,41.99,Fail,Inspect cooling system
INS0799,V0198,MODEL_C,Plant_1,CMP0002,Battery,Supplier_C,2026-05-13,BAT_VOLT,Voltage Drop,Low,75.31,Fail,Check battery voltage
INS0800,V0035,MODEL_C,Plant_1,CMP0206,Battery,Supplier_C,2026-02-25,BAT_TEMP,Overheating,Medium,47.73,Fail,Inspect cooling system
INS0801,V0413,MODEL_A,Plant_2,CMP0078,Battery,Supplier_B,2026-06-30,BAT_TEMP,Overheating,Medium,74.94,Fail,Inspect cooling system
INS0802,V0083,MODEL_A,Plant_1,CMP0148,Battery,Supplier_C,2026-08-28,BAT_TEMP,Overheating,Medium,24.66,Fail,Inspect cooling system
INS0803,V0111,MODEL_A,Plant_3,CMP0227,Battery,Supplier_A,2026-06-02,BAT_CELL,Cell Imbalance,High,33.06,Fail,Inspect battery cells
INS0804,V0191,MODEL_C,Plant_2,CMP0056,Temperature Sensor,Supplier_A,2026-02-08,NO_SIG,No Signal,Medium,32.67,Fail,Check wiring and connector
INS0805,V0370,MODEL_A,Plant_1,CMP0012,Temperature Sensor,Supplier_C,2026-04-19,TEMP_INV,Invalid Reading,Medium,27.5,Fail,Replace or recalibrate sensor
INS0806,V0034,MODEL_A,Plant_3,CMP0072,Temperature Sensor,Supplier_B,2026-07-24,TEMP_DRIFT,Signal Drift,Low,12.57,Fail,Perform sensor calibration
INS0807,V0268,MODEL_A,Plant_3,CMP0263,Battery,Supplier_A,2026-04-03,BAT_CELL,Cell Imbalance,High,71.54,Fail,Inspect battery cells
INS0808,V0416,MODEL_B,Plant_3,CMP0118,Battery,Supplier_B,2026-02-02,BAT_TEMP,Overheating,High,30.46,Fail,Inspect cooling system
INS0809,V0341,MODEL_A,Plant_2,CMP0276,Battery,,2026-07-22,BAT_VOLT,Voltage Drop,High,30.14,Fail,Check battery voltage
INS0810,V0276,MODEL_A,Plant_2,CMP0122,Battery,Supplier_B,2026-07-21,BAT_VOLT,Voltage Drop,High,73.9,Fail,Check battery voltage
INS0811,V0379,MODEL_A,Plant_2,CMP0163,Battery,Supplier_C,2026-05-23,BAT_TEMP,Overheating,Low,39.78,Fail,Inspect cooling system
INS0812,V0274,MODEL_A,Plant_1,CMP0163,Temperature Sensor,Supplier_B,2026-01-06,NO_SIG,No Signal,High,9999.0,Fail,Check wiring and connector
INS0813,V0364,MODEL_C,Plant_2,CMP0253,Brake Sensor,Supplier_A,2026-07-30,SIG_ERR,Signal Error,Medium,39.93,Fail,Inspect sensor connection
INS0814,V0348,MODEL_C,Plant_1,CMP0090,Temperature Sensor,Supplier_C,2026-04-25,TEMP_INV,Invalid Reading,Low,85.82,Fail,Replace or recalibrate sensor
INS0815,V0035,MODEL_C,Plant_3,CMP0198,Temperature Sensor,Supplier_B,2026-03-09,NO_SIG,No Signal,Low,79.05,Fail,Check wiring and connector
INS0816,V0106,MODEL_B,Plant_3,CMP0076,Battery,Supplier_A,2026-06-13,BAT_CELL,Cell Imbalance,High,39.97,Fail,Inspect battery cells
INS0817,V0328,MODEL_A,Plant_2,CMP0182,Brake Sensor,Supplier_A,2026-04-13,CAL_ERR,Calibration Error,Low,51.02,Fail,Recalibrate sensor
INS0818,V0020,MODEL_C,Plant_1,CMP0061,Battery,Supplier_C,2026-05-01,BAT_TEMP,Overheating,Medium,47.58,Fail,Inspect cooling system
INS0819,V0416,MODEL_A,Plant_3,CMP0081,Brake Sensor,Supplier_C,2026-04-20,CAL_ERR,Calibration Error,High,97.89,Fail,Recalibrate sensor
INS0820,V0192,MODEL_A,Plant_3,CMP0185,Brake Sensor,Supplier_C,2026-08-12,CAL_ERR,Calibration Error,High,68.42,Fail,Recalibrate sensor
INS0821,V0051,MODEL_A,Plant_3,CMP0232,Brake Sensor,Supplier_C,2026-05-03,CAL_ERR,Calibration Error,Low,45.12,Fail,Recalibrate sensor
INS0822,V0386,MODEL_B,Plant_1,CMP0252,Temperature Sensor,Supplier_B,2026-04-13,TEMP_INV,Invalid Reading,Medium,-5.65,Fail,Replace or recalibrate sensor
INS0823,V0277,MODEL_C,Plant_1,CMP0007,Temperature Sensor,Supplier_C,2026-06-02,NO_SIG,No Signal,Medium,30.07,Fail,Check wiring and connector
INS0824,V0202,MODEL_A,Plant_1,CMP0109,Battery,Supplier_B,2026-01-22,BAT_TEMP,Overheating,Low,70.54,Fail,Inspect cooling system
INS0825,V0060,MODEL_A,Plant_3,CMP0008,Brake Sensor,Supplier_A,2026-03-16,SIG_ERR,Signal Error,Critical,99.65,Fail,Inspect sensor connection
INS0826,V0312,MODEL_B,Plant_3,CMP0098,Brake Sensor,Supplier_B,2026-05-29,SIG_ERR,Signal Error,Low,14.58,Fail,Inspect sensor connection
INS0827,V0368,MODEL_C,Plant_1,CMP0091,Battery,Supplier_B,2026-06-29,BAT_TEMP,Overheating,Low,38.74,Fail,Inspect cooling system
INS0828,V0057,MODEL_B,Plant_3,CMP0291,Brake Sensor,Supplier_C,2026-06-16,NO_SIG,No Signal,Medium,19.05,Fail,Check wiring and connector
INS0829,V0367,MODEL_C,Plant_2,CMP0196,Temperature Sensor,Supplier_B,2026-06-13,TEMP_INV,Invalid Reading,High,-19.63,Fail,Replace or recalibrate sensor
INS0830,V0133,MODEL_B,Plant_3,CMP0226,Temperature Sensor,Supplier_B,2026-03-28,TEMP_DRIFT,Signal Drift,Low,-11.11,Fail,Perform sensor calibration
INS0831,V0063,MODEL_C,Plant_1,CMP0132,Battery,Supplier_B,2026-04-24,BAT_TEMP,Overheating,High,25.61,Fail,Inspect cooling system
INS0832,V0183,MODEL_C,Plant_3,CMP0067,Brake Sensor,Supplier_B,2026-03-18,CAL_ERR,Calibration Error,Low,74.27,Fail,Recalibrate sensor
INS0833,V0422,MODEL_B,Plant_1,CMP0135,Temperature Sensor,Supplier_C,2026-06-14,TEMP_INV,Invalid Reading,Low,55.52,Fail,Replace or recalibrate sensor
INS0834,V0341,MODEL_C,Plant_3,CMP0035,Temperature Sensor,Supplier_C,2026-03-02,NO_SIG,No Signal,Low,68.24,Fail,Check wiring and connector
INS0835,V0361,MODEL_A,Plant_3,CMP0030,Brake Sensor,Supplier_A,2026-03-06,NO_SIG,No Signal,High,75.82,Fail,Check wiring and connector
INS0836,V0087,MODEL_C,Plant_1,CMP0099,Temperature Sensor,Supplier_A,2026-08-08,TEMP_INV,Invalid Reading,Low,83.97,Fail,Replace or recalibrate sensor
INS0837,V0368,MODEL_C,Plant_3,CMP0006,Battery,Supplier_C,2026-06-06,BAT_CELL,Cell Imbalance,High,22.6,Fail,Inspect battery cells
INS0838,V0451,MODEL_A,Plant_3,CMP0124,Temperature Sensor,Supplier_B,2026-01-16,TEMP_DRIFT,Signal Drift,High,89.22,Fail,Perform sensor calibration
INS0839,V0317,MODEL_B,Plant_2,CMP0182,Temperature Sensor,Supplier_A,2026-01-09,TEMP_DRIFT,Signal Drift,High,39.68,Fail,Perform sensor calibration
INS0840,V0336,MODEL_A,Plant_2,CMP0032,Battery,Supplier_B,2026-04-01,BAT_TEMP,Overheating,High,49.93,Fail,Inspect cooling system
INS0841,V0016,MODEL_B,Plant_1,CMP0244,Temperature Sensor,Supplier_C,2026-05-26,NO_SIG,No Signal,Low,26.03,Fail,Check wiring and connector
INS0842,V0031,MODEL_C,Plant_1,CMP0211,Battery,Supplier_B,2026-02-27,BAT_CELL,Cell Imbalance,High,48.05,Fail,Inspect battery cells
INS0843,V0102,MODEL_A,Plant_3,CMP0204,Brake Sensor,Supplier_C,2026-07-04,NO_SIG,No Signal,Low,64.44,Fail,Check wiring and connector
INS0844,V0406,MODEL_A,Plant_3,CMP0205,Battery,Supplier_C,2026-08-17,BAT_CELL,Cell Imbalance,Low,44.14,Fail,Inspect battery cells
INS0845,V0017,MODEL_C,Plant_1,CMP0104,Brake Sensor,Supplier_A,2026-08-17,SIG_ERR,Signal Error,Medium,65.47,Fail,Inspect sensor connection
INS0846,V0466,MODEL_B,Plant_2,CMP0151,Brake Sensor,Supplier_B,2026-04-20,NO_SIG,No Signal,High,4.27,Fail,Check wiring and connector
INS0847,V0291,MODEL_A,Plant_3,CMP0007,Temperature Sensor,Supplier_C,2026-07-22,TEMP_INV,Invalid Reading,High,84.95,Fail,Replace or recalibrate sensor
INS0848,V0050,MODEL_A,Plant_2,CMP0082,Temperature Sensor,Supplier_A,2026-02-26,TEMP_DRIFT,Signal Drift,Medium,10.12,Fail,Perform sensor calibration
INS0849,V0096,MODEL_C,Plant_3,CMP0201,Temperature Sensor,Supplier_B,2026-07-09,NO_SIG,No Signal,High,82.9,Fail,Check wiring and connector
INS0850,V0288,MODEL_A,Plant_2,CMP0027,Battery,Supplier_C,2026-06-15,BAT_VOLT,Voltage Drop,Low,39.01,Fail,Check battery voltage
INS0851,V0238,MODEL_B,Plant_1,CMP0297,Temperature Sensor,Supplier_B,2026-01-15,TEMP_DRIFT,Signal Drift,Low,58.35,Fail,Perform sensor calibration
INS0852,V0025,MODEL_A,Plant_2,CMP0273,Brake Sensor,Supplier_C,2026-03-21,CAL_ERR,Calibration Error,Medium,12.51,Fail,Recalibrate sensor
INS0853,V0221,MODEL_C,Plant_1,CMP0217,Battery,Supplier_C,2026-01-21,BAT_TEMP,Overheating,Medium,75.9,Fail,Inspect cooling system
INS0854,V0256,MODEL_C,Plant_3,CMP0260,Brake Sensor,Supplier_C,2026-05-28,NO_SIG,No Signal,Medium,16.84,Fail,Check wiring and connector
INS0855,V0402,MODEL_C,Plant_1,CMP0068,Brake Sensor,Supplier_B,2026-02-23,CAL_ERR,Calibration Error,High,46.72,Fail,Recalibrate sensor
INS0856,V0090,MODEL_A,Plant_2,CMP0280,Battery,Supplier_B,2026-04-25,BAT_TEMP,Overheating,High,46.51,Fail,Inspect cooling system
INS0857,V0047,MODEL_C,Plant_1,CMP0088,Brake Sensor,Supplier_A,2026-02-17,SIG_ERR,Signal Error,High,91.44,Fail,Inspect sensor connection
INS0858,V0174,MODEL_C,Plant_1,CMP0286,Brake Sensor,Supplier_A,2026-07-27,SIG_ERR,Signal Error,Medium,76.04,Fail,Inspect sensor connection
INS0859,V0372,MODEL_A,Plant_1,CMP0150,Battery,,2026-01-03,BAT_VOLT,Voltage Drop,High,70.07,Fail,Check battery voltage
INS0860,V0303,MODEL_A,Plant_3,CMP0018,Battery,Supplier_A,2026-01-08,BAT_TEMP,Overheating,Medium,57.5,Fail,Inspect cooling system
INS0861,V0372,MODEL_C,Plant_2,CMP0076,Battery,Supplier_C,2026-05-18,BAT_CELL,Cell Imbalance,Medium,21.14,Fail,Inspect battery cells
INS0862,V0428,MODEL_C,Plant_3,CMP0144,Brake Sensor,Supplier_B,2026-05-25,SIG_ERR,Signal Error,Medium,75.77,Fail,Inspect sensor connection
INS0863,V0270,MODEL_A,Plant_2,CMP0029,Battery,Supplier_C,2026-03-17,BAT_CELL,Cell Imbalance,High,37.3,Fail,Inspect battery cells
INS0864,V0018,MODEL_A,Plant_3,CMP0140,Battery,Supplier_B,2026-03-12,BAT_TEMP,Overheating,High,50.24,Fail,Inspect cooling system
INS0865,V0136,MODEL_A,Plant_1,CMP0210,Brake Sensor,Supplier_B,2026-07-20,SIG_ERR,Signal Error,Medium,76.79,Fail,Inspect sensor connection
INS0866,V0223,MODEL_A,Plant_2,CMP0263,Brake Sensor,Supplier_B,2026-04-16,SIG_ERR,Signal Error,Medium,82.76,Fail,Inspect sensor connection
INS0867,V0103,MODEL_C,Plant_1,CMP0020,Temperature Sensor,Supplier_A,2026-04-08,NO_SIG,No Signal,Low,51.08,Fail,Check wiring and connector
INS0868,V0408,MODEL_A,Plant_2,CMP0124,Temperature Sensor,Supplier_A,2026-04-01,TEMP_DRIFT,Signal Drift,High,117.96,Fail,Perform sensor calibration
INS0869,V0233,MODEL_B,Plant_3,CMP0175,Brake Sensor,,2026-03-07,SIG_ERR,Signal Error,Medium,88.03,Fail,Inspect sensor connection
INS0870,V0478,MODEL_B,Plant_3,CMP0080,Temperature Sensor,Supplier_C,2026-01-04,TEMP_INV,Invalid Reading,Medium,78.61,Fail,Replace or recalibrate sensor
INS0871,V0121,MODEL_C,Plant_3,CMP0090,Battery,Supplier_C,2026-04-09,BAT_VOLT,Voltage Drop,Low,68.82,Fail,Check battery voltage
INS0872,V0099,MODEL_C,Plant_3,CMP0119,Battery,Supplier_C,2026-02-19,BAT_TEMP,Overheating,Low,77.52,Fail,Inspect cooling system
INS0873,V0325,MODEL_C,Plant_1,CMP0032,Battery,Supplier_B,2026-01-04,BAT_TEMP,Overheating,Medium,63.34,Fail,Inspect cooling system
INS0874,V0181,MODEL_A,Plant_2,CMP0293,Temperature Sensor,Supplier_A,2026-01-10,NO_SIG,No Signal,Low,86.64,Fail,Check wiring and connector
INS0875,V0088,MODEL_C,Plant_2,CMP0159,Temperature Sensor,,2026-04-11,NO_SIG,No Signal,Medium,24.58,Fail,Check wiring and connector
INS0876,V0486,MODEL_B,Plant_1,CMP0185,Brake Sensor,Supplier_C,2026-01-31,CAL_ERR,Calibration Error,High,22.83,Fail,Recalibrate sensor
INS0877,V0269,MODEL_A,Plant_1,CMP0223,Brake Sensor,Supplier_B,2026-04-02,NO_SIG,No Signal,Low,52.69,Fail,Check wiring and connector
INS0878,V0441,MODEL_B,Plant_2,CMP0265,Brake Sensor,Supplier_C,2026-03-20,CAL_ERR,Calibration Error,High,54.04,Fail,Recalibrate sensor
INS0879,V0313,MODEL_A,Plant_3,CMP0114,Temperature Sensor,Supplier_B,2026-01-26,TEMP_INV,Invalid Reading,High,0.82,Fail,Replace or recalibrate sensor
INS0880,V0258,MODEL_C,Plant_3,CMP0188,Temperature Sensor,Supplier_B,2026-08-20,TEMP_DRIFT,Signal Drift,Medium,39.07,Fail,Perform sensor calibration
INS0881,V0001,MODEL_C,Plant_1,CMP0153,Brake Sensor,Supplier_B,2026-05-24,CAL_ERR,Calibration Error,Medium,5.64,Fail,Recalibrate sensor
INS0882,V0186,MODEL_B,Plant_2,CMP0149,Temperature Sensor,,2026-01-29,TEMP_INV,Invalid Reading,Low,70.03,Fail,Replace or recalibrate sensor
INS0883,V0442,MODEL_B,Plant_3,CMP0119,Battery,Supplier_B,2026-06-24,BAT_TEMP,Overheating,Medium,27.74,Fail,Inspect cooling system
INS0884,V0233,MODEL_C,Plant_3,CMP0048,Brake Sensor,Supplier_A,2026-02-17,SIG_ERR,Signal Error,Medium,98.47,Fail,Inspect sensor connection
INS0885,V0006,MODEL_C,Plant_3,CMP0235,Brake Sensor,Supplier_A,2026-01-19,NO_SIG,No Signal,Medium,73.17,Fail,Check wiring and connector
INS0886,V0284,MODEL_C,Plant_2,CMP0068,Battery,Supplier_C,2026-07-03,BAT_CELL,Cell Imbalance,Low,33.85,Fail,Inspect battery cells
INS0887,V0191,MODEL_A,Plant_3,CMP0255,Temperature Sensor,Supplier_C,2026-06-22,TEMP_INV,Invalid Reading,Low,1.91,Fail,Replace or recalibrate sensor
INS0888,V0196,MODEL_C,Plant_2,CMP0031,Brake Sensor,Supplier_A,2026-04-25,SIG_ERR,Signal Error,Low,68.78,Fail,Inspect sensor connection
INS0889,V0145,MODEL_C,Plant_1,CMP0295,Battery,Supplier_C,2026-06-07,BAT_TEMP,Overheating,High,31.06,Fail,Inspect cooling system
INS0890,V0390,MODEL_B,Plant_1,CMP0285,Brake Sensor,Supplier_A,2026-05-03,SIG_ERR,Signal Error,Low,59.31,Fail,Inspect sensor connection
INS0891,V0173,MODEL_C,Plant_2,CMP0179,Battery,Supplier_C,2026-03-01,BAT_VOLT,Voltage Drop,Low,27.96,Fail,Check battery voltage
INS0892,V0375,MODEL_B,Plant_3,CMP0282,Temperature Sensor,Supplier_C,2026-08-24,NO_SIG,No Signal,Low,-18.42,Fail,Check wiring and connector
INS0893,V0459,MODEL_C,Plant_2,CMP0287,Battery,Supplier_A,2026-07-12,BAT_CELL,Cell Imbalance,Medium,52.8,Fail,Inspect battery cells
INS0894,V0463,MODEL_B,Plant_3,CMP0259,Battery,Supplier_C,2026-05-22,BAT_TEMP,Overheating,Low,79.18,Fail,Inspect cooling system
INS0895,V0466,MODEL_B,Plant_2,CMP0051,Brake Sensor,Supplier_C,2026-08-20,NO_SIG,No Signal,Medium,42.93,Fail,Check wiring and connector
INS0896,V0106,MODEL_A,Plant_3,CMP0031,Temperature Sensor,Supplier_A,2026-02-28,TEMP_INV,Invalid Reading,Medium,90.72,Fail,Replace or recalibrate sensor
INS0897,V0405,MODEL_B,Plant_2,CMP0027,Temperature Sensor,Supplier_B,2026-07-13,TEMP_INV,Invalid Reading,High,88.05,Fail,Replace or recalibrate sensor
INS0898,V0452,MODEL_C,Plant_2,CMP0297,Temperature Sensor,Supplier_A,2026-08-13,TEMP_DRIFT,Signal Drift,High,86.68,Fail,Perform sensor calibration
INS0899,V0179,MODEL_B,Plant_2,CMP0082,Brake Sensor,Supplier_C,2026-08-06,SIG_ERR,Signal Error,Low,10.34,Fail,Inspect sensor connection
INS0900,V0014,MODEL_C,Plant_3,CMP0082,Temperature Sensor,Supplier_A,2026-05-01,TEMP_DRIFT,Signal Drift,Low,115.61,Fail,Perform sensor calibration
INS0901,V0379,MODEL_C,Plant_3,CMP0014,Battery,Supplier_C,2026-01-21,BAT_CELL,Cell Imbalance,High,31.01,Fail,Inspect battery cells
INS0902,V0479,MODEL_B,Plant_2,CMP0122,Battery,Supplier_A,2026-01-16,BAT_VOLT,Voltage Drop,Medium,71.23,Fail,Check battery voltage
INS0903,V0090,MODEL_B,Plant_3,CMP0251,Brake Sensor,Supplier_A,2026-02-25,SIG_ERR,Signal Error,Low,21.19,Fail,Inspect sensor connection
INS0904,V0196,MODEL_C,Plant_2,CMP0186,Brake Sensor,Supplier_B,2026-04-18,SIG_ERR,Signal Error,Low,67.46,Fail,Inspect sensor connection
INS0905,V0354,MODEL_A,Plant_1,CMP0143,Battery,Supplier_C,2026-06-23,BAT_CELL,Cell Imbalance,High,47.59,Fail,Inspect battery cells
INS0906,V0167,MODEL_B,Plant_3,CMP0226,Brake Sensor,Supplier_B,2026-03-04,SIG_ERR,Signal Error,Medium,18.76,Fail,Inspect sensor connection
INS0907,V0283,MODEL_A,Plant_3,CMP0108,Brake Sensor,Supplier_C,2026-08-11,NO_SIG,No Signal,High,71.9,Fail,Check wiring and connector
INS0908,V0030,MODEL_B,Plant_1,CMP0160,Brake Sensor,Supplier_A,2026-06-21,CAL_ERR,Calibration Error,Low,25.27,Fail,Recalibrate sensor
INS0909,V0037,MODEL_B,Plant_2,CMP0084,Temperature Sensor,Supplier_A,2026-01-22,TEMP_DRIFT,Signal Drift,Medium,30.58,Fail,Perform sensor calibration
INS0910,V0168,MODEL_C,Plant_1,CMP0299,Battery,Supplier_C,2026-02-20,BAT_TEMP,Overheating,Low,52.0,Fail,Inspect cooling system
INS0911,V0342,MODEL_C,Plant_2,CMP0194,Brake Sensor,Supplier_B,2026-06-17,NO_SIG,No Signal,Medium,99.56,Fail,Check wiring and connector
INS0912,V0072,MODEL_C,Plant_3,CMP0153,Brake Sensor,Supplier_B,2026-08-02,NO_SIG,No Signal,Low,9999.0,Fail,Check wiring and connector
INS0913,V0368,MODEL_A,Plant_3,CMP0017,Temperature Sensor,Supplier_A,2026-03-31,NO_SIG,No Signal,Medium,48.23,Fail,Check wiring and connector
INS0914,V0493,MODEL_A,Plant_1,CMP0263,Battery,Supplier_B,2026-05-29,BAT_TEMP,Overheating,High,29.28,Fail,Inspect cooling system
INS0915,V0393,MODEL_B,Plant_3,CMP0213,Battery,Supplier_C,2026-05-14,BAT_VOLT,Voltage Drop,Medium,53.54,Fail,Check battery voltage
INS0916,V0192,MODEL_C,Plant_3,CMP0005,Battery,Supplier_B,2026-07-09,BAT_CELL,Cell Imbalance,High,34.01,Fail,Inspect battery cells
INS0917,V0428,MODEL_A,Plant_1,CMP0239,Temperature Sensor,Supplier_B,2026-07-28,TEMP_DRIFT,Signal Drift,Medium,50.16,Fail,Perform sensor calibration
INS0918,V0035,MODEL_B,Plant_1,CMP0250,Battery,Supplier_B,2026-06-13,BAT_TEMP,Overheating,High,25.26,Fail,Inspect cooling system
INS0919,V0213,MODEL_A,Plant_1,CMP0149,Brake Sensor,Supplier_C,2026-06-24,CAL_ERR,Calibration Error,Low,22.61,Fail,Recalibrate sensor
INS0920,V0098,MODEL_A,Plant_3,CMP0083,Brake Sensor,Supplier_A,2026-06-17,SIG_ERR,Signal Error,High,50.32,Fail,Inspect sensor connection
INS0921,V0314,MODEL_B,Plant_2,CMP0171,Battery,Supplier_A,2026-01-05,BAT_TEMP,Overheating,Medium,42.55,Fail,Inspect cooling system
INS0922,V0495,MODEL_B,Plant_1,CMP0048,Battery,Supplier_B,2026-01-16,BAT_VOLT,Voltage Drop,Critical,40.37,Fail,Check battery voltage
INS0923,V0097,MODEL_B,Plant_3,CMP0270,Battery,Supplier_C,2026-08-26,BAT_TEMP,Overheating,Low,49.25,Fail,Inspect cooling system
INS0924,V0405,MODEL_B,Plant_1,CMP0023,Brake Sensor,Supplier_C,2026-04-22,SIG_ERR,Signal Error,Low,26.23,Fail,Inspect sensor connection
INS0925,V0033,MODEL_B,Plant_2,CMP0300,Temperature Sensor,Supplier_A,2026-03-17,NO_SIG,No Signal,Medium,82.04,Fail,Check wiring and connector
INS0926,V0438,MODEL_A,Plant_1,CMP0083,Brake Sensor,Supplier_A,2026-03-10,NO_SIG,No Signal,Low,91.31,Fail,Check wiring and connector
INS0927,V0356,MODEL_A,Plant_3,CMP0017,Brake Sensor,Supplier_A,2026-07-23,NO_SIG,No Signal,Medium,56.68,Fail,Check wiring and connector
INS0928,V0236,MODEL_A,Plant_1,CMP0281,Temperature Sensor,Supplier_A,2026-06-19,NO_SIG,No Signal,High,113.37,Fail,Check wiring and connector
INS0929,V0330,MODEL_C,Plant_3,CMP0121,Battery,Supplier_A,2026-01-09,BAT_TEMP,Overheating,High,20.18,Fail,Inspect cooling system
INS0930,V0171,MODEL_A,Plant_3,CMP0109,Temperature Sensor,Supplier_C,2026-05-05,TEMP_DRIFT,Signal Drift,Medium,79.55,Fail,Perform sensor calibration
INS0931,V0354,MODEL_B,Plant_1,CMP0041,Battery,Supplier_A,2026-02-25,BAT_CELL,Cell Imbalance,Low,74.25,Fail,Inspect battery cells
INS0932,V0386,MODEL_B,Plant_2,CMP0127,Temperature Sensor,Supplier_A,2026-01-20,TEMP_INV,Invalid Reading,Medium,110.9,Fail,Replace or recalibrate sensor
INS0933,V0191,MODEL_C,Plant_3,CMP0089,Battery,Supplier_A,2026-04-19,BAT_CELL,Cell Imbalance,Low,66.04,Fail,Inspect battery cells
INS0934,V0382,MODEL_C,Plant_2,CMP0214,Battery,Supplier_C,2026-01-02,BAT_CELL,Cell Imbalance,High,22.6,Fail,Inspect battery cells
INS0935,V0258,MODEL_C,Plant_3,CMP0133,Battery,Supplier_C,2026-03-27,BAT_TEMP,Overheating,High,41.17,Fail,Inspect cooling system
INS0936,V0250,MODEL_C,Plant_2,CMP0259,Battery,Supplier_C,2026-07-25,BAT_CELL,Cell Imbalance,Medium,37.07,Fail,Inspect battery cells
INS0937,V0160,MODEL_C,Plant_2,CMP0198,Temperature Sensor,Supplier_C,2026-01-17,TEMP_DRIFT,Signal Drift,Low,-4.43,Fail,Perform sensor calibration
INS0938,V0291,MODEL_C,Plant_2,CMP0259,Brake Sensor,Supplier_B,2026-02-07,NO_SIG,No Signal,High,8.97,Fail,Check wiring and connector
INS0939,V0213,MODEL_B,Plant_3,CMP0160,Brake Sensor,Supplier_A,2026-03-06,NO_SIG,No Signal,High,87.17,Fail,Check wiring and connector
INS0940,V0063,MODEL_C,Plant_2,CMP0179,Battery,Supplier_A,2026-01-26,BAT_TEMP,Overheating,Medium,75.72,Fail,Inspect cooling system
INS0941,V0267,MODEL_C,Plant_3,CMP0230,Brake Sensor,Supplier_A,2026-02-01,CAL_ERR,Calibration Error,Low,9999.0,Fail,Recalibrate sensor
INS0942,V0165,MODEL_A,Plant_1,CMP0283,Temperature Sensor,Supplier_C,2026-05-25,TEMP_INV,Invalid Reading,Low,49.75,Fail,Replace or recalibrate sensor
INS0943,V0008,MODEL_B,Plant_3,CMP0170,Battery,Supplier_B,2026-02-12,BAT_TEMP,Overheating,Low,40.22,Fail,Inspect cooling system
INS0944,V0075,MODEL_C,Plant_3,CMP0037,Brake Sensor,Supplier_C,2026-03-04,NO_SIG,No Signal,Medium,95.2,Fail,Check wiring and connector
INS0945,V0184,MODEL_B,Plant_3,CMP0135,Temperature Sensor,Supplier_A,2026-07-16,TEMP_INV,Invalid Reading,High,4.67,Fail,Replace or recalibrate sensor
INS0946,V0095,MODEL_A,Plant_1,CMP0238,Battery,Supplier_A,2026-08-07,BAT_TEMP,Overheating,High,44.33,Fail,Inspect cooling system
INS0947,V0289,MODEL_B,Plant_1,CMP0164,Battery,Supplier_C,2026-06-06,BAT_CELL,Cell Imbalance,Medium,75.44,Fail,Inspect battery cells
INS0948,V0086,MODEL_B,Plant_1,CMP0073,Temperature Sensor,Supplier_C,2026-08-05,NO_SIG,No Signal,Low,19.46,Fail,Check wiring and connector
INS0949,V0230,MODEL_A,Plant_2,CMP0111,Battery,Supplier_A,2026-08-06,BAT_VOLT,Voltage Drop,High,23.13,Fail,Check battery voltage
INS0950,V0368,MODEL_B,Plant_2,CMP0172,Battery,Supplier_C,2026-07-08,BAT_VOLT,Voltage Drop,Low,64.09,Fail,Check battery voltage
INS0951,V0308,MODEL_B,Plant_3,CMP0027,Battery,Supplier_C,2026-08-26,BAT_VOLT,Voltage Drop,High,61.09,Fail,Check battery voltage
INS0952,V0005,MODEL_A,Plant_1,CMP0015,Brake Sensor,Supplier_C,2026-01-23,CAL_ERR,Calibration Error,Low,61.32,Fail,Recalibrate sensor
INS0953,V0466,MODEL_B,Plant_1,CMP0287,Battery,Supplier_B,2026-01-13,BAT_TEMP,Overheating,Low,22.65,Fail,Inspect cooling system
INS0954,V0111,MODEL_C,Plant_1,CMP0291,Battery,Supplier_A,2026-04-06,BAT_CELL,Cell Imbalance,High,69.72,Fail,Inspect battery cells
INS0955,V0238,MODEL_C,Plant_2,CMP0012,Temperature Sensor,Supplier_A,2026-07-25,TEMP_DRIFT,Signal Drift,High,2.45,Fail,Perform sensor calibration
INS0956,V0463,MODEL_B,Plant_2,CMP0211,Temperature Sensor,Supplier_B,2026-03-23,TEMP_INV,Invalid Reading,High,-18.17,Fail,Replace or recalibrate sensor
INS0957,V0416,MODEL_B,Plant_1,CMP0036,Battery,Supplier_C,2026-08-13,BAT_TEMP,Overheating,High,26.54,Fail,Inspect cooling system
INS0958,V0070,MODEL_B,Plant_2,CMP0156,Brake Sensor,Supplier_A,2026-06-20,NO_SIG,No Signal,High,44.4,Fail,Check wiring and connector
INS0959,V0306,MODEL_B,Plant_1,CMP0125,Battery,Supplier_B,2026-01-01,BAT_TEMP,Overheating,Medium,28.96,Fail,Inspect cooling system
INS0960,V0015,MODEL_C,Plant_2,CMP0004,Battery,Supplier_C,2026-05-18,BAT_VOLT,Voltage Drop,High,60.31,Fail,Check battery voltage
INS0961,V0198,MODEL_B,Plant_3,CMP0187,Battery,Supplier_A,2026-07-03,BAT_CELL,Cell Imbalance,High,72.38,Fail,Inspect battery cells
INS0962,V0110,MODEL_C,Plant_2,CMP0258,Temperature Sensor,Supplier_A,2026-07-04,TEMP_INV,Invalid Reading,Medium,66.18,Fail,Replace or recalibrate sensor
INS0963,V0480,MODEL_A,Plant_2,CMP0049,Battery,Supplier_A,2026-06-14,BAT_CELL,Cell Imbalance,Low,57.47,Fail,Inspect battery cells
INS0964,V0094,MODEL_A,Plant_1,CMP0273,Battery,Supplier_B,2026-05-06,BAT_TEMP,Overheating,Medium,26.68,Fail,Inspect cooling system
INS0965,V0081,MODEL_C,Plant_2,CMP0192,Brake Sensor,Supplier_A,2026-04-30,SIG_ERR,Signal Error,High,93.67,Fail,Inspect sensor connection
INS0966,V0339,MODEL_B,Plant_3,CMP0015,Brake Sensor,Supplier_C,2026-05-04,CAL_ERR,Calibration Error,Low,90.38,Fail,Recalibrate sensor
INS0967,V0152,MODEL_C,Plant_1,CMP0130,Battery,Supplier_A,2026-01-20,BAT_TEMP,Overheating,Low,64.44,Fail,Inspect cooling system
INS0968,V0231,MODEL_A,Plant_2,CMP0267,Temperature Sensor,Supplier_A,2026-04-03,TEMP_INV,Invalid Reading,Low,86.77,Fail,Replace or recalibrate sensor
INS0969,V0308,MODEL_A,Plant_2,CMP0242,Temperature Sensor,Supplier_A,2026-01-23,TEMP_DRIFT,Signal Drift,High,61.58,Fail,Perform sensor calibration
INS0970,V0193,MODEL_B,Plant_3,CMP0006,Brake Sensor,Supplier_B,2026-04-09,CAL_ERR,Calibration Error,Low,47.29,Fail,Recalibrate sensor
INS0971,V0375,MODEL_B,Plant_3,CMP0260,Battery,Supplier_A,2026-01-08,BAT_VOLT,Voltage Drop,Low,45.84,Fail,Check battery voltage
INS0972,V0259,MODEL_C,Plant_1,CMP0231,Temperature Sensor,Supplier_B,2026-07-15,TEMP_INV,Invalid Reading,Low,98.69,Fail,Replace or recalibrate sensor
INS0973,V0040,MODEL_C,Plant_3,CMP0105,Temperature Sensor,Supplier_C,2026-07-02,TEMP_INV,Invalid Reading,Medium,43.34,Fail,Replace or recalibrate sensor
INS0974,V0341,MODEL_C,Plant_1,CMP0292,Brake Sensor,Supplier_B,2026-06-15,CAL_ERR,Calibration Error,Medium,77.64,Fail,Recalibrate sensor
INS0975,V0393,MODEL_B,Plant_3,CMP0080,Temperature Sensor,Supplier_C,2026-01-27,NO_SIG,No Signal,Low,69.75,Fail,Check wiring and connector
INS0976,V0373,MODEL_C,Plant_3,CMP0053,Brake Sensor,Supplier_A,2026-03-29,CAL_ERR,Calibration Error,Critical,74.3,Fail,Recalibrate sensor
INS0977,V0480,MODEL_B,Plant_1,CMP0280,Battery,Supplier_C,2026-05-07,BAT_CELL,Cell Imbalance,Low,58.79,Fail,Inspect battery cells
INS0978,V0151,MODEL_B,Plant_2,CMP0096,Battery,Supplier_B,2026-03-06,BAT_VOLT,Voltage Drop,Medium,44.66,Fail,Check battery voltage
INS0979,V0482,MODEL_A,Plant_3,CMP0081,Temperature Sensor,Supplier_C,2026-06-08,TEMP_INV,Invalid Reading,High,99.84,Fail,Replace or recalibrate sensor
INS0980,V0267,MODEL_C,Plant_3,CMP0233,Brake Sensor,Supplier_A,2026-06-25,SIG_ERR,Signal Error,Low,4.43,Fail,Inspect sensor connection
INS0981,V0389,MODEL_A,Plant_1,CMP0214,Temperature Sensor,Supplier_C,2026-05-19,NO_SIG,No Signal,High,108.29,Fail,Check wiring and connector
INS0982,V0441,MODEL_B,Plant_3,CMP0088,Brake Sensor,Supplier_C,2026-06-26,SIG_ERR,Signal Error,Low,4.0,Fail,Inspect sensor connection
INS0983,V0461,MODEL_C,Plant_3,CMP0215,Battery,Supplier_B,2026-08-19,BAT_TEMP,Overheating,Low,59.66,Fail,Inspect cooling system
INS0984,V0247,MODEL_B,Plant_2,CMP0300,Temperature Sensor,Supplier_A,2026-06-10,TEMP_DRIFT,Signal Drift,Low,62.07,Fail,Perform sensor calibration
INS0985,V0463,MODEL_B,Plant_1,CMP0083,Temperature Sensor,Supplier_C,2026-08-27,NO_SIG,No Signal,High,80.19,Fail,Check wiring and connector
INS0986,V0087,MODEL_A,Plant_3,CMP0049,Temperature Sensor,Supplier_A,2026-02-05,NO_SIG,No Signal,Medium,14.92,Fail,Check wiring and connector
INS0987,V0314,MODEL_B,Plant_2,CMP0013,Temperature Sensor,Supplier_A,2026-05-24,TEMP_INV,Invalid Reading,Low,107.03,Fail,Replace or recalibrate sensor
INS0988,V0061,MODEL_A,Plant_2,CMP0194,Brake Sensor,Supplier_B,2026-04-08,CAL_ERR,Calibration Error,Medium,27.58,Fail,Recalibrate sensor
INS0989,V0355,MODEL_C,Plant_3,CMP0149,Brake Sensor,Supplier_A,2026-02-09,SIG_ERR,Signal Error,Low,52.72,Fail,Inspect sensor connection
INS0990,V0184,MODEL_B,Plant_1,CMP0054,Battery,Supplier_A,2026-02-05,BAT_VOLT,Voltage Drop,Low,65.87,Fail,Check battery voltage
INS0991,V0034,MODEL_A,Plant_2,CMP0194,Battery,Supplier_C,2026-07-28,BAT_TEMP,Overheating,High,38.21,Fail,Inspect cooling system
INS0992,V0170,MODEL_C,Plant_2,CMP0171,Battery,Supplier_B,2026-04-28,BAT_CELL,Cell Imbalance,Medium,24.6,Fail,Inspect battery cells
INS0993,V0085,MODEL_A,Plant_1,CMP0127,Temperature Sensor,Supplier_C,2026-01-23,TEMP_INV,Invalid Reading,Low,103.85,Fail,Replace or recalibrate sensor
INS0994,V0328,MODEL_A,Plant_1,CMP0193,Battery,Supplier_C,2026-04-21,BAT_CELL,Cell Imbalance,Medium,63.74,Fail,Inspect battery cells
INS0995,V0112,MODEL_A,Plant_2,CMP0105,Temperature Sensor,Supplier_C,2026-02-20,TEMP_INV,Invalid Reading,Low,117.98,Fail,Replace or recalibrate sensor
INS0996,V0163,MODEL_A,Plant_2,CMP0103,Temperature Sensor,Supplier_B,2026-04-11,TEMP_INV,Invalid Reading,High,16.71,Fail,Replace or recalibrate sensor
INS0997,V0107,MODEL_B,Plant_2,CMP0122,Temperature Sensor,Supplier_A,2026-04-10,TEMP_DRIFT,Signal Drift,Medium,106.46,Fail,Perform sensor calibration
INS0998,V0181,MODEL_C,Plant_3,CMP0247,Brake Sensor,Supplier_B,2026-01-02,CAL_ERR,Calibration Error,Medium,72.86,Fail,Recalibrate sensor
INS0999,V0297,MODEL_C,Plant_2,CMP0250,Brake Sensor,Supplier_A,2026-06-05,CAL_ERR,Calibration Error,High,39.26,Fail,Recalibrate sensor
INS1000,V0048,MODEL_C,Plant_2,CMP0084,Temperature Sensor,Supplier_C,2026-04-29,TEMP_DRIFT,Signal Drift,Low,-11.59,Fail,Perform sensor calibration
INS1001,V0201,MODEL_A,Plant_1,CMP0290,Brake Sensor,Supplier_A,2026-03-19,CAL_ERR,Calibration Error,High,16.27,Fail,Recalibrate sensor
INS1002,V0398,MODEL_B,Plant_3,CMP0133,Temperature Sensor,Supplier_B,2026-08-23,TEMP_INV,Invalid Reading,High,21.01,Fail,Replace or recalibrate sensor
INS1003,V0357,MODEL_B,Plant_1,CMP0203,Battery,Supplier_B,2026-01-10,BAT_TEMP,Overheating,Low,78.6,Fail,Inspect cooling system
INS1004,V0413,MODEL_B,Plant_3,CMP0083,Brake Sensor,Supplier_B,2026-03-07,CAL_ERR,Calibration Error,High,62.36,Fail,Recalibrate sensor
INS1005,V0116,MODEL_A,Plant_2,CMP0229,Brake Sensor,Supplier_B,2026-08-10,CAL_ERR,Calibration Error,High,87.05,Fail,Recalibrate sensor
INS1006,V0437,MODEL_B,Plant_1,CMP0055,Battery,Supplier_C,2026-06-26,BAT_VOLT,Voltage Drop,Low,23.38,Fail,Check battery voltage
INS1007,V0092,MODEL_B,Plant_1,CMP0259,Temperature Sensor,Supplier_A,2026-01-14,TEMP_DRIFT,Signal Drift,High,95.25,Fail,Perform sensor calibration
INS1008,V0034,MODEL_C,Plant_1,CMP0131,Brake Sensor,Supplier_A,2026-08-19,SIG_ERR,Signal Error,High,80.28,Fail,Inspect sensor connection
INS1009,V0304,MODEL_C,Plant_1,CMP0090,Battery,Supplier_A,2026-07-28,BAT_TEMP,Overheating,Low,63.07,Fail,Inspect cooling system
INS1010,V0002,MODEL_C,Plant_2,CMP0260,Brake Sensor,Supplier_A,2026-05-29,SIG_ERR,Signal Error,Low,68.78,Fail,Inspect sensor connection
INS1011,V0247,MODEL_B,Plant_1,CMP0088,Temperature Sensor,Supplier_A,2026-07-17,TEMP_INV,Invalid Reading,High,93.76,Fail,Replace or recalibrate sensor
INS1012,V0299,MODEL_C,Plant_3,CMP0103,Brake Sensor,Supplier_C,2026-08-05,SIG_ERR,Signal Error,Medium,79.28,Fail,Inspect sensor connection
INS1013,V0103,MODEL_C,Plant_3,CMP0058,Battery,Supplier_B,2026-07-01,BAT_TEMP,Overheating,Medium,37.47,Fail,Inspect cooling system
INS1014,V0444,MODEL_B,Plant_2,CMP0205,Battery,Supplier_B,2026-05-19,BAT_TEMP,Overheating,Low,65.54,Fail,Inspect cooling system
INS1015,V0039,MODEL_B,Plant_2,CMP0244,Temperature Sensor,Supplier_B,2026-01-27,NO_SIG,No Signal,Medium,118.99,Fail,Check wiring and connector
INS1016,V0127,MODEL_C,Plant_1,CMP0026,Temperature Sensor,Supplier_A,2026-06-27,TEMP_INV,Invalid Reading,Low,26.55,Fail,Replace or recalibrate sensor
INS1017,V0053,MODEL_A,Plant_2,CMP0144,Brake Sensor,Supplier_A,2026-06-07,SIG_ERR,Signal Error,Medium,5.28,Fail,Inspect sensor connection
INS1018,V0245,MODEL_A,Plant_2,CMP0226,Temperature Sensor,Supplier_A,2026-06-05,TEMP_INV,Invalid Reading,Low,55.46,Fail,Replace or recalibrate sensor
INS1019,V0250,MODEL_A,Plant_3,CMP0226,Temperature Sensor,Supplier_A,2026-04-22,TEMP_INV,Invalid Reading,Medium,26.35,Fail,Replace or recalibrate sensor
INS1020,V0124,MODEL_A,Plant_1,CMP0164,Brake Sensor,Supplier_B,2026-03-13,NO_SIG,No Signal,Medium,2.55,Fail,Check wiring and connector
INS1021,V0392,MODEL_B,Plant_2,CMP0250,Brake Sensor,Supplier_C,2026-03-21,NO_SIG,No Signal,High,58.48,Fail,Check wiring and connector
INS1022,V0474,MODEL_A,Plant_1,CMP0011,Battery,Supplier_C,2026-01-27,BAT_TEMP,Overheating,Low,44.97,Fail,Inspect cooling system
INS1023,V0406,MODEL_C,Plant_3,CMP0089,Battery,Supplier_B,2026-04-02,BAT_CELL,Cell Imbalance,High,24.41,Fail,Inspect battery cells
INS1024,V0247,MODEL_C,Plant_2,CMP0207,Battery,Supplier_C,2026-01-28,BAT_VOLT,Voltage Drop,Critical,24.55,Fail,Check battery voltage
INS1025,V0200,MODEL_B,Plant_1,CMP0272,Temperature Sensor,Supplier_A,2026-06-03,NO_SIG,No Signal,Low,30.93,Fail,Check wiring and connector
INS1026,V0297,MODEL_C,Plant_2,CMP0078,Temperature Sensor,Supplier_C,2026-04-23,TEMP_INV,Invalid Reading,Critical,111.82,Fail,Replace or recalibrate sensor
INS1027,V0101,MODEL_A,Plant_2,CMP0177,Brake Sensor,Supplier_A,2026-05-06,SIG_ERR,Signal Error,High,19.64,Fail,Inspect sensor connection
INS1028,V0042,MODEL_A,Plant_1,CMP0254,Brake Sensor,Supplier_C,2026-02-19,CAL_ERR,Calibration Error,High,22.13,Fail,Recalibrate sensor
INS1029,V0064,MODEL_C,Plant_1,CMP0051,Temperature Sensor,Supplier_C,2026-03-10,TEMP_INV,Invalid Reading,Medium,49.56,Fail,Replace or recalibrate sensor
INS1030,V0473,MODEL_B,Plant_3,CMP0126,Brake Sensor,Supplier_A,2026-03-21,SIG_ERR,Signal Error,Medium,68.48,Fail,Inspect sensor connection
INS1031,V0191,MODEL_B,Plant_2,CMP0210,Brake Sensor,Supplier_B,2026-07-05,SIG_ERR,Signal Error,Low,3.99,Fail,Inspect sensor connection
INS1032,V0221,MODEL_B,Plant_3,CMP0188,Brake Sensor,Supplier_B,2026-02-02,NO_SIG,No Signal,High,39.17,Fail,Check wiring and connector
INS1033,V0172,MODEL_A,Plant_1,CMP0184,Temperature Sensor,Supplier_B,2026-04-05,NO_SIG,No Signal,Low,40.88,Fail,Check wiring and connector
INS1034,V0256,MODEL_C,Plant_1,CMP0217,Battery,Supplier_C,2026-08-03,BAT_CELL,Cell Imbalance,Medium,63.63,Fail,Inspect battery cells
INS1035,V0184,MODEL_C,Plant_3,CMP0241,Brake Sensor,Supplier_B,2026-02-16,SIG_ERR,Signal Error,High,16.67,Fail,Inspect sensor connection
INS1036,V0336,MODEL_C,Plant_1,CMP0220,Temperature Sensor,Supplier_B,2026-02-01,NO_SIG,No Signal,Medium,55.61,Fail,Check wiring and connector
INS1037,V0058,MODEL_C,Plant_1,CMP0003,Battery,Supplier_B,2026-02-20,BAT_TEMP,Overheating,Medium,24.77,Fail,Inspect cooling system
INS1038,V0343,MODEL_B,Plant_1,CMP0098,Temperature Sensor,Supplier_C,2026-06-04,TEMP_INV,Invalid Reading,Critical,13.54,Fail,Replace or recalibrate sensor
INS1039,V0360,MODEL_A,Plant_1,CMP0190,Battery,Supplier_A,2026-06-10,BAT_CELL,Cell Imbalance,Medium,9999.0,Fail,Inspect battery cells
INS1040,V0032,MODEL_C,Plant_2,CMP0043,Brake Sensor,Supplier_B,2026-07-12,CAL_ERR,Calibration Error,High,83.13,Fail,Recalibrate sensor
INS1041,V0269,MODEL_B,Plant_3,CMP0294,Brake Sensor,Supplier_A,2026-05-31,SIG_ERR,Signal Error,Low,56.58,Fail,Inspect sensor connection
INS1042,V0488,MODEL_B,Plant_1,CMP0091,Brake Sensor,Supplier_B,2026-05-22,NO_SIG,No Signal,High,28.05,Fail,Check wiring and connector
INS1043,V0155,MODEL_B,Plant_2,CMP0119,Temperature Sensor,Supplier_C,2026-04-20,NO_SIG,No Signal,High,3.3,Fail,Check wiring and connector
INS1044,V0475,MODEL_A,Plant_1,CMP0148,Battery,Supplier_B,2026-03-26,BAT_TEMP,Overheating,Low,68.78,Fail,Inspect cooling system
INS1045,V0123,MODEL_A,Plant_3,CMP0157,Temperature Sensor,Supplier_C,2026-01-20,TEMP_INV,Invalid Reading,High,68.73,Fail,Replace or recalibrate sensor
INS1046,V0029,MODEL_A,Plant_3,CMP0027,Battery,Supplier_A,2026-08-08,BAT_VOLT,Voltage Drop,High,43.74,Fail,Check battery voltage
INS1047,V0120,MODEL_C,Plant_3,CMP0116,Battery,Supplier_B,2026-02-10,BAT_VOLT,Voltage Drop,Medium,37.53,Fail,Check battery voltage
INS1048,V0297,MODEL_C,Plant_3,CMP0145,Temperature Sensor,Supplier_B,2026-07-26,NO_SIG,No Signal,Medium,87.02,Fail,Check wiring and connector
INS1049,V0462,MODEL_A,Plant_1,CMP0273,Battery,Supplier_C,2026-07-27,BAT_CELL,Cell Imbalance,Low,50.78,Fail,Inspect battery cells
INS1050,V0090,MODEL_C,Plant_1,CMP0178,Battery,Supplier_C,2026-05-20,BAT_TEMP,Overheating,High,51.11,Fail,Inspect cooling system
INS1051,V0333,MODEL_C,Plant_1,CMP0109,Brake Sensor,Supplier_C,2026-03-01,NO_SIG,No Signal,Medium,9999.0,Fail,Check wiring and connector
INS1052,V0065,MODEL_A,Plant_1,CMP0264,Temperature Sensor,Supplier_A,2026-07-08,NO_SIG,No Signal,Low,49.04,Fail,Check wiring and connector
INS1053,V0094,MODEL_A,Plant_1,CMP0045,Brake Sensor,Supplier_A,2026-03-09,CAL_ERR,Calibration Error,High,45.72,Fail,Recalibrate sensor
INS1054,V0190,MODEL_B,Plant_1,CMP0109,Battery,Supplier_B,2026-07-27,BAT_TEMP,Overheating,High,57.8,Fail,Inspect cooling system
INS1055,V0378,MODEL_B,Plant_2,CMP0019,Brake Sensor,Supplier_A,2026-08-09,SIG_ERR,Signal Error,High,33.97,Fail,Inspect sensor connection
INS1056,V0318,MODEL_A,Plant_2,CMP0204,Battery,Supplier_A,2026-04-28,BAT_TEMP,Overheating,Low,43.63,Fail,Inspect cooling system
INS1057,V0309,MODEL_A,Plant_3,CMP0130,Brake Sensor,Supplier_B,2026-05-07,NO_SIG,No Signal,High,37.11,Fail,Check wiring and connector
INS1058,V0209,MODEL_B,Plant_3,CMP0206,Temperature Sensor,Supplier_A,2026-01-15,NO_SIG,No Signal,Medium,98.93,Fail,Check wiring and connector
INS1059,V0016,MODEL_B,Plant_1,CMP0235,Battery,Supplier_B,2026-08-06,BAT_TEMP,Overheating,Medium,56.83,Fail,Inspect cooling system
INS1060,V0425,MODEL_A,Plant_3,CMP0108,Battery,Supplier_B,2026-07-21,BAT_TEMP,Overheating,Medium,70.0,Fail,Inspect cooling system
INS1061,V0360,MODEL_B,Plant_1,CMP0135,Battery,Supplier_C,2026-07-15,BAT_CELL,Cell Imbalance,High,28.35,Fail,Inspect battery cells
INS1062,V0014,MODEL_B,Plant_1,CMP0056,Brake Sensor,Supplier_A,2026-06-11,CAL_ERR,Calibration Error,Medium,29.0,Fail,Recalibrate sensor
INS1063,V0228,MODEL_A,Plant_1,CMP0110,Battery,Supplier_C,2026-08-24,BAT_TEMP,Overheating,High,21.12,Fail,Inspect cooling system
INS1064,V0033,MODEL_C,Plant_1,CMP0101,Battery,Supplier_B,2026-04-02,BAT_CELL,Cell Imbalance,Medium,54.54,Fail,Inspect battery cells
INS1065,V0362,MODEL_C,Plant_2,CMP0218,Battery,Supplier_A,2026-03-12,BAT_CELL,Cell Imbalance,Medium,75.8,Fail,Inspect battery cells
INS1066,V0415,MODEL_A,Plant_3,CMP0142,Brake Sensor,Supplier_B,2026-01-20,,Calibration Error,Medium,66.05,Fail,Recalibrate sensor
INS1067,V0484,MODEL_B,Plant_3,CMP0156,Temperature Sensor,Supplier_A,2026-03-23,NO_SIG,No Signal,Low,63.91,Fail,Check wiring and connector
INS1068,V0458,MODEL_C,Plant_3,CMP0138,Brake Sensor,Supplier_C,2026-03-31,SIG_ERR,Signal Error,Medium,66.14,Fail,Inspect sensor connection
INS1069,V0296,MODEL_A,Plant_1,CMP0167,Brake Sensor,Supplier_A,2026-04-25,CAL_ERR,Calibration Error,High,19.06,Fail,Recalibrate sensor
INS1070,V0262,MODEL_B,Plant_1,CMP0151,Brake Sensor,Supplier_B,2026-03-18,SIG_ERR,Signal Error,Low,82.82,Fail,Inspect sensor connection
INS1071,V0244,MODEL_C,Plant_3,CMP0289,Temperature Sensor,Supplier_C,2026-08-13,TEMP_INV,Invalid Reading,Medium,25.16,Fail,Replace or recalibrate sensor
INS1072,V0317,MODEL_C,Plant_3,CMP0026,Battery,Supplier_B,2026-04-05,BAT_TEMP,Overheating,High,62.66,Fail,Inspect cooling system
INS1073,V0331,MODEL_A,Plant_1,CMP0244,Brake Sensor,Supplier_B,2026-06-28,NO_SIG,No Signal,Medium,92.54,Fail,Check wiring and connector
INS1074,V0474,MODEL_B,Plant_3,CMP0056,Brake Sensor,Supplier_A,2026-06-17,SIG_ERR,Signal Error,High,99.75,Fail,Inspect sensor connection
INS1075,V0231,MODEL_B,Plant_2,CMP0033,Battery,Supplier_C,2026-04-06,BAT_VOLT,Voltage Drop,Medium,63.14,Fail,Check battery voltage
INS1076,V0052,MODEL_C,Plant_2,CMP0185,Brake Sensor,Supplier_A,2026-02-24,NO_SIG,No Signal,Low,68.74,Fail,Check wiring and connector
INS1077,V0365,MODEL_C,Plant_2,CMP0073,Battery,Supplier_A,2026-05-30,BAT_VOLT,Voltage Drop,Medium,77.78,Fail,Check battery voltage
INS1078,V0132,MODEL_C,Plant_1,CMP0037,Temperature Sensor,Supplier_C,2026-07-25,TEMP_INV,Invalid Reading,Low,112.02,Fail,Replace or recalibrate sensor
INS1079,V0165,MODEL_A,Plant_1,CMP0220,Battery,Supplier_A,2026-07-15,BAT_CELL,Cell Imbalance,Low,46.22,Fail,Inspect battery cells
INS1080,V0422,MODEL_C,Plant_3,CMP0102,Battery,Supplier_B,2026-04-01,BAT_TEMP,Overheating,High,48.66,Fail,Inspect cooling system
INS1081,V0349,MODEL_A,Plant_1,CMP0130,Brake Sensor,Supplier_A,2026-07-04,,Calibration Error,Low,92.61,Fail,Recalibrate sensor
INS1082,V0464,MODEL_B,Plant_3,CMP0116,Temperature Sensor,Supplier_B,2026-03-14,TEMP_INV,Invalid Reading,Low,80.67,Fail,Replace or recalibrate sensor
INS1083,V0239,MODEL_B,Plant_2,CMP0287,Temperature Sensor,Supplier_A,2026-08-03,TEMP_DRIFT,Signal Drift,Medium,89.06,Fail,Perform sensor calibration
INS1084,V0295,MODEL_B,Plant_3,CMP0204,Temperature Sensor,Supplier_A,2026-06-03,TEMP_DRIFT,Signal Drift,Low,18.67,Fail,Perform sensor calibration
INS1085,V0180,MODEL_B,Plant_2,CMP0250,Battery,Supplier_A,2026-07-16,BAT_VOLT,Voltage Drop,Medium,70.69,Fail,Check battery voltage
INS1086,V0060,MODEL_C,Plant_1,CMP0294,Battery,Supplier_C,2026-02-06,BAT_TEMP,Overheating,Low,69.37,Fail,Inspect cooling system
INS1087,V0046,MODEL_A,Plant_3,CMP0281,Temperature Sensor,Supplier_A,2026-03-06,TEMP_DRIFT,Signal Drift,Medium,106.4,Fail,Perform sensor calibration
INS1088,V0292,MODEL_B,Plant_3,CMP0214,Battery,Supplier_C,2026-03-03,BAT_VOLT,Voltage Drop,Low,78.15,Fail,Check battery voltage
INS1089,V0259,MODEL_A,Plant_3,CMP0161,Brake Sensor,Supplier_C,2026-05-15,NO_SIG,No Signal,Medium,35.67,Fail,Check wiring and connector
INS1090,V0071,MODEL_B,Plant_3,CMP0145,Battery,Supplier_C,2026-08-20,BAT_CELL,Cell Imbalance,High,39.72,Fail,Inspect battery cells
INS1091,V0436,MODEL_A,Plant_3,CMP0237,Battery,Supplier_A,2026-04-15,BAT_CELL,Cell Imbalance,Medium,69.92,Fail,Inspect battery cells
INS1092,V0279,MODEL_B,Plant_2,CMP0170,Temperature Sensor,Supplier_C,2026-05-10,NO_SIG,No Signal,Medium,43.8,Fail,Check wiring and connector
INS1093,V0162,MODEL_A,Plant_3,CMP0185,Brake Sensor,Supplier_B,2026-07-20,SIG_ERR,Signal Error,Low,2.01,Fail,Inspect sensor connection
INS1094,V0072,MODEL_B,Plant_1,CMP0146,Battery,Supplier_A,2026-08-11,BAT_CELL,Cell Imbalance,Low,43.01,Fail,Inspect battery cells
INS1095,V0241,MODEL_B,Plant_2,CMP0239,Brake Sensor,Supplier_A,2026-04-14,SIG_ERR,Signal Error,Medium,21.27,Fail,Inspect sensor connection
INS1096,V0219,MODEL_C,Plant_3,CMP0112,Brake Sensor,Supplier_A,2026-08-26,CAL_ERR,Calibration Error,High,44.85,Fail,Recalibrate sensor
INS1097,V0290,MODEL_B,Plant_3,CMP0182,Temperature Sensor,Supplier_B,2026-02-14,NO_SIG,No Signal,High,41.23,Fail,Check wiring and connector
INS1098,V0192,MODEL_C,Plant_1,CMP0230,Temperature Sensor,Supplier_C,2026-07-11,TEMP_INV,Invalid Reading,Low,103.45,Fail,Replace or recalibrate sensor
INS1099,V0360,MODEL_A,Plant_2,CMP0067,Battery,Supplier_B,2026-04-04,BAT_TEMP,Overheating,Low,51.17,Fail,Inspect cooling system
INS1100,V0008,MODEL_B,Plant_3,CMP0144,Battery,Supplier_B,2026-05-29,BAT_TEMP,Overheating,Low,9999.0,Fail,Inspect cooling system
INS1101,V0430,MODEL_A,Plant_2,CMP0250,Brake Sensor,Supplier_A,2026-03-13,CAL_ERR,Calibration Error,Low,67.11,Fail,Recalibrate sensor
INS1102,V0196,MODEL_A,Plant_3,CMP0189,Brake Sensor,Supplier_C,2026-04-20,NO_SIG,No Signal,High,26.44,Fail,Check wiring and connector
INS1103,V0476,MODEL_B,Plant_1,CMP0169,Battery,Supplier_C,2026-08-17,BAT_VOLT,Voltage Drop,High,36.91,Fail,Check battery voltage
INS1104,V0280,MODEL_C,Plant_1,CMP0114,Brake Sensor,Supplier_B,2026-04-03,SIG_ERR,Signal Error,Medium,88.41,Fail,Inspect sensor connection
INS1105,V0072,MODEL_A,Plant_1,CMP0287,Temperature Sensor,Supplier_A,2026-01-01,TEMP_DRIFT,Signal Drift,Low,73.09,Fail,Perform sensor calibration
INS1106,V0242,MODEL_B,Plant_1,CMP0009,Temperature Sensor,Supplier_A,2026-02-03,TEMP_DRIFT,Signal Drift,Medium,86.06,Fail,Perform sensor calibration
INS1107,V0456,MODEL_A,Plant_1,CMP0261,Brake Sensor,Supplier_A,2026-08-17,CAL_ERR,Calibration Error,High,8.62,Fail,Recalibrate sensor
INS1108,V0171,MODEL_C,Plant_3,CMP0052,Brake Sensor,Supplier_B,2026-07-06,SIG_ERR,Signal Error,High,57.5,Fail,Inspect sensor connection
INS1109,V0468,MODEL_A,Plant_3,CMP0185,Temperature Sensor,Supplier_B,2026-06-16,TEMP_INV,Invalid Reading,Low,51.28,Fail,Replace or recalibrate sensor
INS1110,V0416,MODEL_A,Plant_3,CMP0285,Temperature Sensor,Supplier_B,2026-01-05,TEMP_INV,Invalid Reading,High,115.99,Fail,Replace or recalibrate sensor
INS1111,V0089,MODEL_C,Plant_3,CMP0134,Battery,Supplier_B,2026-06-17,BAT_CELL,Cell Imbalance,High,45.01,Fail,Inspect battery cells
INS1112,V0089,MODEL_C,Plant_3,CMP0062,Temperature Sensor,Supplier_A,2026-02-18,TEMP_INV,Invalid Reading,Low,-16.78,Fail,Replace or recalibrate sensor
INS1113,V0159,MODEL_A,Plant_3,CMP0086,Temperature Sensor,Supplier_B,2026-06-19,TEMP_INV,Invalid Reading,High,72.76,Fail,Replace or recalibrate sensor
INS1114,V0293,MODEL_A,Plant_1,CMP0003,Battery,Supplier_A,2026-02-13,BAT_TEMP,Overheating,Medium,74.6,Fail,Inspect cooling system
INS1115,V0256,MODEL_B,Plant_2,CMP0288,Temperature Sensor,Supplier_B,2026-07-30,TEMP_DRIFT,Signal Drift,Low,-15.58,Fail,Perform sensor calibration
INS1116,V0238,MODEL_B,Plant_1,CMP0192,Temperature Sensor,Supplier_B,2026-08-05,NO_SIG,No Signal,High,27.35,Fail,Check wiring and connector
INS1117,V0052,MODEL_B,Plant_2,CMP0024,Brake Sensor,Supplier_B,2026-03-27,CAL_ERR,Calibration Error,Low,0.66,Fail,Recalibrate sensor
INS1118,V0368,MODEL_B,Plant_1,CMP0089,Temperature Sensor,Supplier_A,2026-03-04,TEMP_DRIFT,Signal Drift,Medium,75.29,Fail,Perform sensor calibration
INS1119,V0380,MODEL_C,Plant_3,CMP0153,Temperature Sensor,Supplier_A,2026-03-22,NO_SIG,No Signal,Medium,59.78,Fail,Check wiring and connector
INS1120,V0268,MODEL_A,Plant_2,CMP0158,Temperature Sensor,Supplier_B,2026-04-07,TEMP_DRIFT,Signal Drift,Low,54.09,Fail,Perform sensor calibration
INS1121,V0307,MODEL_C,Plant_1,CMP0254,Brake Sensor,Supplier_C,2026-03-08,CAL_ERR,Calibration Error,Low,57.64,Fail,Recalibrate sensor
INS1122,V0042,MODEL_B,Plant_2,CMP0187,Battery,Supplier_B,2026-08-12,BAT_CELL,Cell Imbalance,High,29.56,Fail,Inspect battery cells
INS1123,V0467,MODEL_C,Plant_1,CMP0182,Brake Sensor,Supplier_A,2026-02-26,NO_SIG,No Signal,High,51.78,Fail,Check wiring and connector
INS1124,V0326,MODEL_A,Plant_3,CMP0105,Brake Sensor,Supplier_C,2026-02-13,NO_SIG,No Signal,Low,51.18,Fail,Check wiring and connector
INS1125,V0497,MODEL_B,Plant_2,CMP0170,Battery,Supplier_C,2026-04-17,BAT_TEMP,Overheating,Low,54.07,Fail,Inspect cooling system
INS1126,V0459,MODEL_B,Plant_3,CMP0250,Temperature Sensor,Supplier_A,2026-02-02,TEMP_DRIFT,Signal Drift,Low,94.72,Fail,Perform sensor calibration
INS1127,V0009,MODEL_C,Plant_2,CMP0092,Battery,Supplier_C,2026-05-30,BAT_TEMP,Overheating,Low,27.47,Fail,Inspect cooling system
INS1128,V0413,MODEL_B,Plant_1,CMP0177,Battery,Supplier_C,2026-01-04,BAT_TEMP,Overheating,Medium,28.39,Fail,Inspect cooling system
INS1129,V0308,MODEL_B,Plant_2,CMP0294,Temperature Sensor,Supplier_B,2026-07-21,NO_SIG,No Signal,Medium,87.96,Fail,Check wiring and connector
INS1130,V0350,MODEL_B,Plant_2,CMP0202,Brake Sensor,Supplier_A,2026-04-27,CAL_ERR,Calibration Error,High,34.04,Fail,Recalibrate sensor
INS1131,V0011,MODEL_A,Plant_1,CMP0096,Brake Sensor,Supplier_A,2026-06-16,,Calibration Error,High,13.69,Fail,Recalibrate sensor
INS1132,V0366,MODEL_B,Plant_2,CMP0271,Temperature Sensor,,2026-04-14,TEMP_INV,Invalid Reading,Low,109.3,Fail,Replace or recalibrate sensor
INS1133,V0053,MODEL_A,Plant_3,CMP0196,Battery,Supplier_B,2026-02-28,BAT_TEMP,Overheating,Low,42.82,Fail,Inspect cooling system
INS1134,V0071,MODEL_C,Plant_1,CMP0112,Battery,Supplier_A,2026-04-09,BAT_CELL,Cell Imbalance,Low,42.02,Fail,Inspect battery cells
INS1135,V0201,MODEL_A,Plant_1,CMP0064,Battery,Supplier_B,2026-05-04,BAT_TEMP,Overheating,Low,47.67,Fail,Inspect cooling system
INS1136,V0214,MODEL_B,Plant_1,CMP0021,Battery,Supplier_A,2026-03-22,BAT_TEMP,Overheating,Low,79.94,Fail,Inspect cooling system
INS1137,V0254,MODEL_A,Plant_2,CMP0149,Brake Sensor,Supplier_C,2026-05-19,CAL_ERR,Calibration Error,Medium,69.4,Fail,Recalibrate sensor
INS1138,V0119,MODEL_A,Plant_3,CMP0280,Battery,Supplier_B,2026-07-21,BAT_TEMP,Overheating,Low,79.1,Fail,Inspect cooling system
INS1139,V0064,MODEL_A,Plant_3,CMP0003,Brake Sensor,Supplier_A,2026-01-18,CAL_ERR,Calibration Error,Low,29.43,Fail,Recalibrate sensor
INS1140,V0027,MODEL_A,Plant_1,CMP0115,Brake Sensor,Supplier_A,2026-02-07,NO_SIG,No Signal,High,89.74,Fail,Check wiring and connector
INS1141,V0128,MODEL_C,Plant_3,CMP0293,Battery,Supplier_C,2026-08-21,BAT_TEMP,Overheating,Low,52.05,Fail,Inspect cooling system
INS1142,V0290,MODEL_A,Plant_2,CMP0300,Brake Sensor,Supplier_C,2026-03-01,NO_SIG,No Signal,Critical,93.86,Fail,Check wiring and connector
INS1143,V0496,MODEL_C,Plant_1,CMP0292,Battery,Supplier_C,2026-05-09,BAT_TEMP,Overheating,Low,43.18,Fail,Inspect cooling system
INS1144,V0248,MODEL_A,Plant_2,CMP0034,Temperature Sensor,Supplier_A,2026-08-15,NO_SIG,No Signal,Low,6.96,Fail,Check wiring and connector
INS1145,V0438,MODEL_C,Plant_2,CMP0201,Brake Sensor,Supplier_A,2026-02-06,CAL_ERR,Calibration Error,High,12.51,Fail,Recalibrate sensor
INS1146,V0128,MODEL_B,Plant_3,CMP0195,Battery,Supplier_A,2026-06-06,BAT_TEMP,Overheating,High,72.89,Fail,Inspect cooling system
INS1147,V0398,MODEL_B,Plant_1,CMP0223,Brake Sensor,Supplier_A,2026-06-14,SIG_ERR,Signal Error,Low,48.12,Fail,Inspect sensor connection
INS1148,V0122,MODEL_A,Plant_3,CMP0105,Battery,Supplier_C,2026-07-11,BAT_TEMP,Overheating,Low,20.06,Fail,Inspect cooling system
INS1149,V0380,MODEL_A,Plant_2,CMP0191,Temperature Sensor,Supplier_B,2026-02-10,NO_SIG,No Signal,High,17.31,Fail,Check wiring and connector
INS1150,V0449,MODEL_C,Plant_3,CMP0223,Brake Sensor,,2026-04-07,SIG_ERR,Signal Error,Low,80.62,Fail,Inspect sensor connection
INS1151,V0064,MODEL_B,Plant_3,CMP0114,Brake Sensor,Supplier_A,2026-02-20,CAL_ERR,Calibration Error,Medium,11.91,Fail,Recalibrate sensor
INS1152,V0193,MODEL_C,Plant_1,CMP0082,Temperature Sensor,Supplier_C,2026-06-14,TEMP_INV,Invalid Reading,Medium,65.46,Fail,Replace or recalibrate sensor
INS1153,V0310,MODEL_C,Plant_2,CMP0070,Temperature Sensor,Supplier_C,2026-03-06,TEMP_INV,Invalid Reading,Medium,117.89,Fail,Replace or recalibrate sensor
INS1154,V0086,MODEL_B,Plant_3,CMP0228,Battery,Supplier_B,2026-06-04,BAT_TEMP,Overheating,Low,34.74,Fail,Inspect cooling system
INS1155,V0096,MODEL_B,Plant_1,CMP0039,Battery,Supplier_B,2026-07-26,BAT_TEMP,Overheating,Medium,62.15,Fail,Inspect cooling system
INS1156,V0098,MODEL_C,Plant_2,CMP0270,Battery,Supplier_C,2026-02-06,BAT_TEMP,Overheating,Medium,73.74,Fail,Inspect cooling system
INS1157,V0197,MODEL_B,Plant_3,CMP0098,Battery,Supplier_B,2026-07-20,BAT_VOLT,Voltage Drop,High,59.74,Fail,Check battery voltage
INS1158,V0255,MODEL_B,Plant_1,CMP0167,Brake Sensor,Supplier_A,2026-03-06,SIG_ERR,Signal Error,Medium,75.66,Fail,Inspect sensor connection
INS1159,V0174,MODEL_B,Plant_3,CMP0022,Temperature Sensor,Supplier_A,2026-02-16,TEMP_INV,Invalid Reading,Medium,-8.28,Fail,Replace or recalibrate sensor
INS1160,V0086,MODEL_B,Plant_1,CMP0188,Brake Sensor,Supplier_A,2026-02-21,NO_SIG,No Signal,Medium,48.67,Fail,Check wiring and connector
INS1161,V0168,MODEL_C,Plant_3,CMP0118,Brake Sensor,Supplier_C,2026-06-06,SIG_ERR,Signal Error,Medium,69.91,Fail,Inspect sensor connection
INS1162,V0222,MODEL_A,Plant_3,CMP0101,Battery,Supplier_A,2026-05-27,BAT_VOLT,Voltage Drop,Low,64.29,Fail,Check battery voltage
INS1163,V0002,MODEL_C,Plant_3,CMP0014,Battery,Supplier_A,2026-01-18,BAT_VOLT,Voltage Drop,High,58.5,Fail,Check battery voltage
INS1164,V0335,MODEL_A,Plant_1,CMP0101,Temperature Sensor,Supplier_A,2026-06-13,TEMP_DRIFT,Signal Drift,Low,2.05,Fail,Perform sensor calibration
INS1165,V0075,MODEL_B,Plant_1,CMP0269,Temperature Sensor,Supplier_A,2026-02-28,TEMP_DRIFT,Signal Drift,High,14.1,Fail,Perform sensor calibration
INS1166,V0383,MODEL_A,Plant_1,CMP0246,Temperature Sensor,Supplier_B,2026-07-27,TEMP_DRIFT,Signal Drift,Medium,115.71,Fail,Perform sensor calibration
INS1167,V0476,MODEL_B,Plant_3,CMP0150,Temperature Sensor,Supplier_B,2026-03-13,TEMP_INV,Invalid Reading,Low,76.7,Fail,Replace or recalibrate sensor
INS1168,V0202,MODEL_C,Plant_3,CMP0057,Battery,Supplier_A,2026-04-13,BAT_CELL,Cell Imbalance,High,51.45,Fail,Inspect battery cells
INS1169,V0397,MODEL_B,Plant_1,CMP0197,Battery,Supplier_C,2026-04-03,BAT_TEMP,Overheating,Low,36.69,Fail,Inspect cooling system
INS1170,V0079,MODEL_C,Plant_1,CMP0080,Temperature Sensor,Supplier_C,2026-08-07,TEMP_INV,Invalid Reading,Low,115.22,Fail,Replace or recalibrate sensor
INS1171,V0291,MODEL_A,Plant_2,CMP0295,Battery,Supplier_B,2026-08-09,BAT_TEMP,Overheating,Low,28.96,Fail,Inspect cooling system
INS1172,V0091,MODEL_A,Plant_1,CMP0123,Battery,Supplier_C,2026-01-29,BAT_TEMP,Overheating,Low,41.73,Fail,Inspect cooling system
INS1173,V0017,MODEL_B,Plant_1,CMP0063,Battery,Supplier_B,2026-02-14,BAT_TEMP,Overheating,Medium,61.25,Fail,Inspect cooling system
INS1174,V0426,MODEL_C,Plant_2,CMP0139,Battery,Supplier_A,2026-03-28,BAT_TEMP,Overheating,Medium,67.13,Fail,Inspect cooling system
INS1175,V0406,MODEL_C,Plant_3,CMP0128,Temperature Sensor,Supplier_B,2026-08-19,NO_SIG,No Signal,High,98.13,Fail,Check wiring and connector
INS1176,V0367,MODEL_B,Plant_2,CMP0104,Battery,Supplier_B,2026-07-18,BAT_TEMP,Overheating,High,21.36,Fail,Inspect cooling system
INS1177,V0414,MODEL_A,Plant_1,CMP0163,Temperature Sensor,Supplier_C,2026-08-21,TEMP_DRIFT,Signal Drift,Low,94.68,Fail,Perform sensor calibration
INS1178,V0453,MODEL_C,Plant_2,CMP0128,Battery,Supplier_B,2026-07-28,BAT_TEMP,Overheating,Low,40.58,Fail,Inspect cooling system
INS1179,V0442,MODEL_B,Plant_1,CMP0213,Battery,Supplier_A,2026-02-23,BAT_CELL,Cell Imbalance,High,51.52,Fail,Inspect battery cells
INS1180,V0136,MODEL_A,Plant_2,CMP0060,Brake Sensor,Supplier_C,2026-04-06,SIG_ERR,Signal Error,Medium,39.32,Fail,Inspect sensor connection
INS1181,V0076,MODEL_B,Plant_1,CMP0271,Brake Sensor,Supplier_C,2026-07-08,NO_SIG,No Signal,High,69.72,Fail,Check wiring and connector
INS1182,V0106,MODEL_C,Plant_3,CMP0129,Temperature Sensor,Supplier_B,2026-06-11,NO_SIG,No Signal,Medium,14.18,Fail,Check wiring and connector
INS1183,V0475,MODEL_A,Plant_2,CMP0159,Temperature Sensor,Supplier_B,2026-05-06,NO_SIG,No Signal,Medium,117.11,Fail,Check wiring and connector
INS1184,V0146,MODEL_C,Plant_2,CMP0075,Battery,Supplier_C,2026-04-08,BAT_TEMP,Overheating,Medium,51.84,Fail,Inspect cooling system
INS1185,V0295,MODEL_C,Plant_1,CMP0054,Battery,Supplier_C,2026-01-22,BAT_CELL,Cell Imbalance,High,79.14,Fail,Inspect battery cells
INS1186,V0493,MODEL_B,Plant_2,CMP0213,Battery,Supplier_A,2026-01-15,BAT_VOLT,Voltage Drop,Low,70.42,Fail,Check battery voltage
INS1187,V0469,MODEL_C,Plant_3,CMP0177,Temperature Sensor,Supplier_B,2026-06-17,TEMP_DRIFT,Signal Drift,Low,34.66,Fail,Perform sensor calibration
INS1188,V0298,MODEL_C,Plant_1,CMP0180,Brake Sensor,Supplier_C,2026-01-19,NO_SIG,No Signal,Medium,98.79,Fail,Check wiring and connector
INS1189,V0247,MODEL_B,Plant_2,CMP0074,Brake Sensor,Supplier_B,2026-03-15,SIG_ERR,Signal Error,High,42.2,Fail,Inspect sensor connection
INS1190,V0017,MODEL_A,Plant_3,CMP0055,Battery,Supplier_B,2026-05-13,BAT_CELL,Cell Imbalance,Medium,43.98,Fail,Inspect battery cells
INS1191,V0321,MODEL_B,Plant_2,CMP0241,Battery,Supplier_C,2026-02-23,BAT_CELL,Cell Imbalance,Low,62.04,Fail,Inspect battery cells
INS1192,V0397,MODEL_B,Plant_1,CMP0013,Brake Sensor,Supplier_A,2026-03-04,NO_SIG,No Signal,Low,33.06,Fail,Check wiring and connector
INS1193,V0164,MODEL_B,Plant_3,CMP0165,Battery,Supplier_A,2026-02-26,BAT_CELL,Cell Imbalance,High,64.63,Fail,Inspect battery cells
INS1194,V0040,MODEL_C,Plant_2,CMP0163,Battery,Supplier_A,2026-06-12,BAT_VOLT,Voltage Drop,High,68.37,Fail,Check battery voltage
INS1195,V0145,MODEL_B,Plant_1,CMP0277,Brake Sensor,Supplier_C,2026-03-21,CAL_ERR,Calibration Error,Low,17.52,Fail,Recalibrate sensor
INS1196,V0372,MODEL_C,Plant_3,CMP0233,Temperature Sensor,Supplier_C,2026-06-19,TEMP_INV,Invalid Reading,Low,-0.67,Fail,Replace or recalibrate sensor
INS1197,V0327,MODEL_B,Plant_2,CMP0198,Brake Sensor,Supplier_B,2026-04-18,SIG_ERR,Signal Error,High,10.42,Fail,Inspect sensor connection
INS1198,V0199,MODEL_A,Plant_3,CMP0151,Battery,Supplier_C,2026-01-30,BAT_CELL,Cell Imbalance,Low,40.38,Fail,Inspect battery cells
INS1199,V0224,MODEL_A,Plant_3,CMP0152,Brake Sensor,Supplier_B,2026-04-23,NO_SIG,No Signal,Medium,35.94,Fail,Check wiring and connector
INS1200,V0053,MODEL_C,Plant_3,CMP0272,Brake Sensor,Supplier_B,2026-06-22,CAL_ERR,Calibration Error,Low,6.63,Fail,Recalibrate sensor
INS1201,V0439,MODEL_B,Plant_3,CMP0009,Brake Sensor,Supplier_A,2026-02-16,CAL_ERR,Calibration Error,Low,77.58,Fail,Recalibrate sensor
INS1202,V0026,MODEL_A,Plant_2,CMP0169,Battery,Supplier_B,2026-07-30,BAT_TEMP,Overheating,Medium,68.77,Fail,Inspect cooling system
INS1203,V0085,MODEL_B,Plant_2,CMP0104,Battery,Supplier_A,2026-01-03,BAT_TEMP,Overheating,Medium,57.96,Fail,Inspect cooling system
INS1204,V0154,MODEL_B,Plant_1,CMP0247,Temperature Sensor,Supplier_B,2026-04-27,NO_SIG,No Signal,Low,58.97,Fail,Check wiring and connector
INS1205,V0010,MODEL_B,Plant_1,CMP0079,Brake Sensor,Supplier_B,2026-05-05,SIG_ERR,Signal Error,Medium,36.47,Fail,Inspect sensor connection
INS1206,V0136,MODEL_C,Plant_3,CMP0265,Battery,Supplier_A,2026-04-16,BAT_VOLT,Voltage Drop,Medium,71.07,Fail,Check battery voltage
INS1207,V0043,MODEL_B,Plant_1,CMP0092,Temperature Sensor,Supplier_B,2026-08-16,TEMP_INV,Invalid Reading,High,34.11,Fail,Replace or recalibrate sensor
INS1208,V0387,MODEL_A,Plant_2,CMP0189,Temperature Sensor,Supplier_C,2026-03-14,NO_SIG,No Signal,Low,29.44,Fail,Check wiring and connector
INS1209,V0171,MODEL_C,Plant_1,CMP0146,Brake Sensor,Supplier_A,2026-03-08,CAL_ERR,Calibration Error,Low,4.71,Fail,Recalibrate sensor
INS1210,V0485,MODEL_C,Plant_2,CMP0146,Temperature Sensor,Supplier_B,2026-06-29,TEMP_DRIFT,Signal Drift,Medium,8.44,Fail,Perform sensor calibration
INS1211,V0397,MODEL_A,Plant_1,CMP0154,Temperature Sensor,,2026-06-16,NO_SIG,No Signal,Low,42.13,Fail,Check wiring and connector
INS1212,V0199,MODEL_B,Plant_1,CMP0035,Brake Sensor,Supplier_A,2026-01-29,SIG_ERR,Signal Error,Medium,55.74,Fail,Inspect sensor connection
INS1213,V0373,MODEL_B,Plant_2,CMP0164,Temperature Sensor,Supplier_A,2026-06-13,TEMP_INV,Invalid Reading,High,68.64,Fail,Replace or recalibrate sensor
INS1214,V0233,MODEL_C,Plant_2,CMP0290,Brake Sensor,Supplier_C,2026-03-13,CAL_ERR,Calibration Error,Medium,5.81,Fail,Recalibrate sensor
INS1215,V0143,MODEL_A,Plant_3,CMP0121,Brake Sensor,Supplier_A,2026-07-21,NO_SIG,No Signal,High,86.45,Fail,Check wiring and connector
INS1216,V0432,MODEL_B,Plant_2,CMP0196,Brake Sensor,Supplier_A,2026-02-25,NO_SIG,No Signal,Medium,38.03,Fail,Check wiring and connector
INS1217,V0388,MODEL_A,Plant_1,CMP0266,Brake Sensor,Supplier_A,2026-05-14,NO_SIG,No Signal,High,99.57,Fail,Check wiring and connector
INS1218,V0172,MODEL_A,Plant_2,CMP0028,Brake Sensor,Supplier_B,2026-05-24,SIG_ERR,Signal Error,Low,75.65,Fail,Inspect sensor connection
INS1219,V0043,MODEL_B,Plant_3,CMP0222,Battery,Supplier_B,2026-08-16,BAT_TEMP,Overheating,High,53.61,Fail,Inspect cooling system
INS1220,V0056,MODEL_B,Plant_1,CMP0109,Battery,Supplier_C,2026-08-15,BAT_CELL,Cell Imbalance,Medium,52.53,Fail,Inspect battery cells
INS1221,V0318,MODEL_A,Plant_2,CMP0194,Battery,Supplier_A,2026-05-23,BAT_TEMP,Overheating,Medium,27.08,Fail,Inspect cooling system
INS1222,V0240,MODEL_C,Plant_2,CMP0228,Brake Sensor,Supplier_A,2026-05-02,CAL_ERR,Calibration Error,High,14.63,Fail,Recalibrate sensor
INS1223,V0332,MODEL_A,Plant_2,CMP0250,Brake Sensor,Supplier_C,2026-05-21,SIG_ERR,Signal Error,Medium,3.82,Fail,Inspect sensor connection
INS1224,V0105,MODEL_C,Plant_1,CMP0196,Brake Sensor,Supplier_A,2026-03-31,CAL_ERR,Calibration Error,Low,12.27,Fail,Recalibrate sensor
INS1225,V0022,MODEL_A,Plant_1,CMP0108,Brake Sensor,Supplier_C,2026-06-16,NO_SIG,No Signal,High,73.79,Fail,Check wiring and connector
INS1226,V0165,MODEL_B,Plant_2,CMP0189,Temperature Sensor,Supplier_A,2026-07-09,NO_SIG,No Signal,High,104.53,Fail,Check wiring and connector
INS1227,V0036,MODEL_A,Plant_1,CMP0014,Battery,Supplier_A,2026-07-10,BAT_TEMP,Overheating,High,25.01,Fail,Inspect cooling system
INS1228,V0342,MODEL_A,Plant_3,CMP0269,Battery,Supplier_A,2026-03-23,BAT_VOLT,Voltage Drop,High,66.26,Fail,Check battery voltage
INS1229,V0007,MODEL_A,Plant_2,CMP0105,Battery,Supplier_A,2026-04-23,BAT_VOLT,Voltage Drop,Medium,47.1,Fail,Check battery voltage
INS1230,V0300,MODEL_C,Plant_3,CMP0178,Brake Sensor,Supplier_C,2026-03-23,SIG_ERR,Signal Error,Medium,86.23,Fail,Inspect sensor connection
INS1231,V0075,MODEL_C,Plant_1,CMP0200,Battery,Supplier_B,2026-05-29,BAT_TEMP,Overheating,Medium,44.86,Fail,Inspect cooling system
INS1232,V0297,MODEL_A,Plant_3,CMP0255,Battery,Supplier_B,2026-08-17,BAT_VOLT,Voltage Drop,High,61.28,Fail,Check battery voltage
INS1233,V0443,MODEL_C,Plant_2,CMP0292,Battery,Supplier_B,2026-05-26,BAT_TEMP,Overheating,High,30.44,Fail,Inspect cooling system
INS1234,V0493,MODEL_C,Plant_2,CMP0058,Brake Sensor,Supplier_B,2026-02-28,NO_SIG,No Signal,High,68.36,Fail,Check wiring and connector
INS1235,V0291,MODEL_B,Plant_2,CMP0285,Brake Sensor,Supplier_A,2026-08-08,NO_SIG,No Signal,High,25.67,Fail,Check wiring and connector
INS1236,V0100,MODEL_A,Plant_2,CMP0039,Battery,Supplier_A,2026-07-31,BAT_CELL,Cell Imbalance,High,77.7,Fail,Inspect battery cells
INS1237,V0102,MODEL_A,Plant_3,CMP0079,Battery,Supplier_C,2026-05-29,BAT_VOLT,Voltage Drop,Medium,33.84,Fail,Check battery voltage
INS1238,V0100,MODEL_B,Plant_2,CMP0073,Brake Sensor,Supplier_B,2026-02-09,SIG_ERR,Signal Error,Low,52.61,Fail,Inspect sensor connection
INS1239,V0440,MODEL_C,Plant_1,CMP0107,Brake Sensor,Supplier_A,2026-02-23,SIG_ERR,Signal Error,High,80.67,Fail,Inspect sensor connection
INS1240,V0418,MODEL_A,Plant_3,CMP0162,Temperature Sensor,Supplier_C,2026-07-17,TEMP_INV,Invalid Reading,Medium,64.96,Fail,Replace or recalibrate sensor
INS1241,V0012,MODEL_B,Plant_3,CMP0083,Brake Sensor,Supplier_A,2026-03-12,SIG_ERR,Signal Error,Low,8.78,Fail,Inspect sensor connection
INS1242,V0457,MODEL_B,Plant_2,CMP0271,Brake Sensor,Supplier_B,2026-01-27,CAL_ERR,Calibration Error,Medium,46.98,Fail,Recalibrate sensor
INS1243,V0393,MODEL_A,Plant_3,CMP0210,Battery,Supplier_B,2026-08-04,BAT_TEMP,Overheating,Medium,65.28,Fail,Inspect cooling system
INS1244,V0220,MODEL_B,Plant_1,CMP0002,Brake Sensor,Supplier_A,2026-02-22,SIG_ERR,Signal Error,Medium,84.98,Fail,Inspect sensor connection
INS1245,V0121,MODEL_C,Plant_3,CMP0039,Temperature Sensor,Supplier_B,2026-04-06,TEMP_DRIFT,Signal Drift,High,-2.94,Fail,Perform sensor calibration
INS1246,V0027,MODEL_C,Plant_3,CMP0027,Battery,Supplier_A,2026-07-28,BAT_TEMP,Overheating,Medium,44.73,Fail,Inspect cooling system
INS1247,V0330,MODEL_B,Plant_1,CMP0267,Brake Sensor,Supplier_A,2026-03-25,CAL_ERR,Calibration Error,Low,86.51,Fail,Recalibrate sensor
INS1248,V0056,MODEL_B,Plant_3,CMP0264,Temperature Sensor,Supplier_C,2026-01-15,NO_SIG,No Signal,Medium,69.62,Fail,Check wiring and connector
INS1249,V0075,MODEL_B,Plant_2,CMP0115,Battery,Supplier_C,2026-08-10,BAT_VOLT,Voltage Drop,Low,42.99,Fail,Check battery voltage
INS1250,V0462,MODEL_C,Plant_2,CMP0280,Brake Sensor,Supplier_B,2026-07-06,NO_SIG,No Signal,High,64.26,Fail,Check wiring and connector
INS1251,V0027,MODEL_A,Plant_1,CMP0032,Brake Sensor,Supplier_B,2026-07-10,SIG_ERR,Signal Error,High,12.31,Fail,Inspect sensor connection
INS1252,V0333,MODEL_B,Plant_3,CMP0029,Brake Sensor,Supplier_B,2026-05-31,SIG_ERR,Signal Error,High,73.38,Fail,Inspect sensor connection
INS1253,V0461,MODEL_B,Plant_3,CMP0090,Brake Sensor,Supplier_B,2026-07-04,CAL_ERR,Calibration Error,High,78.93,Fail,Recalibrate sensor
INS1254,V0440,MODEL_A,Plant_1,CMP0092,Battery,Supplier_C,2026-04-29,BAT_VOLT,Voltage Drop,Medium,74.6,Fail,Check battery voltage
INS1255,V0368,MODEL_B,Plant_3,CMP0055,Temperature Sensor,Supplier_A,2026-08-28,TEMP_INV,Invalid Reading,Low,98.19,Fail,Replace or recalibrate sensor
INS1256,V0495,MODEL_B,Plant_1,CMP0224,Temperature Sensor,Supplier_A,2026-04-14,NO_SIG,No Signal,Low,93.31,Fail,Check wiring and connector
INS1257,V0311,MODEL_A,Plant_3,CMP0227,Brake Sensor,Supplier_B,2026-08-21,CAL_ERR,Calibration Error,Medium,9999.0,Fail,Recalibrate sensor
INS1258,V0207,MODEL_C,Plant_1,CMP0232,Battery,Supplier_C,2026-01-10,BAT_CELL,Cell Imbalance,Low,59.39,Fail,Inspect battery cells
INS1259,V0135,MODEL_C,Plant_2,CMP0250,Brake Sensor,Supplier_B,2026-04-24,SIG_ERR,Signal Error,Medium,59.05,Fail,Inspect sensor connection
INS1260,V0480,MODEL_C,Plant_1,CMP0204,Temperature Sensor,Supplier_A,2026-02-02,NO_SIG,No Signal,Medium,61.95,Fail,Check wiring and connector
INS1261,V0109,MODEL_B,Plant_2,CMP0098,Battery,Supplier_A,2026-03-19,BAT_TEMP,Overheating,High,40.44,Fail,Inspect cooling system
INS1262,V0437,MODEL_B,Plant_3,CMP0156,Temperature Sensor,Supplier_A,2026-04-19,TEMP_INV,Invalid Reading,High,-4.5,Fail,Replace or recalibrate sensor
INS1263,V0061,MODEL_C,Plant_1,CMP0172,Battery,Supplier_A,2026-03-02,BAT_VOLT,Voltage Drop,Low,36.06,Fail,Check battery voltage
INS1264,V0457,MODEL_B,Plant_3,CMP0165,Temperature Sensor,Supplier_A,2026-06-20,TEMP_INV,Invalid Reading,High,66.96,Fail,Replace or recalibrate sensor
INS1265,V0338,MODEL_B,Plant_2,CMP0086,Temperature Sensor,,2026-02-27,TEMP_INV,Invalid Reading,Medium,63.45,Fail,Replace or recalibrate sensor
INS1266,V0240,MODEL_C,Plant_2,CMP0190,Battery,Supplier_C,2026-02-06,BAT_VOLT,Voltage Drop,Low,34.99,Fail,Check battery voltage
INS1267,V0382,MODEL_A,Plant_2,CMP0244,Temperature Sensor,Supplier_A,2026-01-13,NO_SIG,No Signal,Medium,27.65,Fail,Check wiring and connector
INS1268,V0444,MODEL_A,Plant_2,CMP0047,Battery,Supplier_B,2026-08-28,BAT_VOLT,Voltage Drop,Low,23.87,Fail,Check battery voltage
INS1269,V0375,MODEL_C,Plant_2,CMP0204,Brake Sensor,Supplier_C,2026-03-07,CAL_ERR,Calibration Error,High,24.14,Fail,Recalibrate sensor
INS1270,V0417,MODEL_C,Plant_2,CMP0102,Brake Sensor,Supplier_C,2026-03-26,SIG_ERR,Signal Error,High,49.83,Fail,Inspect sensor connection
INS1271,V0004,MODEL_A,Plant_2,CMP0043,Brake Sensor,Supplier_C,2026-07-15,CAL_ERR,Calibration Error,Low,44.1,Fail,Recalibrate sensor
INS1272,V0330,MODEL_A,Plant_2,CMP0254,Battery,Supplier_A,2026-05-07,BAT_CELL,Cell Imbalance,Medium,49.31,Fail,Inspect battery cells
INS1273,V0331,MODEL_A,Plant_2,CMP0096,Brake Sensor,Supplier_C,2026-05-13,CAL_ERR,Calibration Error,Low,23.81,Fail,Recalibrate sensor
INS1274,V0021,MODEL_C,Plant_1,CMP0164,Temperature Sensor,Supplier_A,2026-06-14,TEMP_INV,Invalid Reading,High,-13.4,Fail,Replace or recalibrate sensor
INS1275,V0073,MODEL_C,Plant_2,CMP0039,Battery,Supplier_C,2026-06-23,BAT_CELL,Cell Imbalance,High,31.97,Fail,Inspect battery cells
INS1276,V0277,MODEL_C,Plant_3,CMP0128,Battery,Supplier_B,2026-05-04,BAT_CELL,Cell Imbalance,Medium,73.08,Fail,Inspect battery cells
INS1277,V0418,MODEL_A,Plant_3,CMP0165,Temperature Sensor,Supplier_A,2026-03-09,TEMP_INV,Invalid Reading,High,91.17,Fail,Replace or recalibrate sensor
INS1278,V0111,MODEL_C,Plant_2,CMP0118,Battery,Supplier_C,2026-03-04,BAT_VOLT,Voltage Drop,Low,28.7,Fail,Check battery voltage
INS1279,V0370,MODEL_C,Plant_1,CMP0267,Temperature Sensor,Supplier_C,2026-07-01,NO_SIG,No Signal,Medium,26.17,Fail,Check wiring and connector
INS1280,V0464,MODEL_A,Plant_2,CMP0261,Brake Sensor,Supplier_A,2026-03-11,CAL_ERR,Calibration Error,Medium,34.9,Fail,Recalibrate sensor
INS1281,V0408,MODEL_B,Plant_2,CMP0116,Brake Sensor,Supplier_B,2026-06-21,NO_SIG,No Signal,High,32.11,Fail,Check wiring and connector
INS1282,V0101,MODEL_C,Plant_2,CMP0107,Temperature Sensor,Supplier_A,2026-05-13,NO_SIG,No Signal,High,69.96,Fail,Check wiring and connector
INS1283,V0104,MODEL_A,Plant_2,CMP0208,Battery,,2026-05-24,BAT_VOLT,Voltage Drop,Low,25.76,Fail,Check battery voltage
INS1284,V0236,MODEL_A,Plant_1,CMP0002,Battery,Supplier_A,2026-02-16,BAT_TEMP,Overheating,Low,70.97,Fail,Inspect cooling system
INS1285,V0403,MODEL_A,Plant_3,CMP0150,Brake Sensor,Supplier_A,2026-01-22,CAL_ERR,Calibration Error,Medium,4.08,Fail,Recalibrate sensor
INS1286,V0473,MODEL_C,Plant_1,CMP0212,Battery,Supplier_B,2026-02-28,BAT_TEMP,Overheating,Low,55.75,Fail,Inspect cooling system
INS1287,V0230,MODEL_B,Plant_3,CMP0044,Brake Sensor,Supplier_C,2026-06-10,SIG_ERR,Signal Error,Medium,77.81,Fail,Inspect sensor connection
INS1288,V0049,MODEL_A,Plant_2,CMP0216,Battery,Supplier_C,2026-01-14,BAT_CELL,Cell Imbalance,Medium,56.82,Fail,Inspect battery cells
INS1289,V0203,MODEL_A,Plant_1,CMP0183,Brake Sensor,Supplier_C,2026-08-06,SIG_ERR,Signal Error,High,68.45,Fail,Inspect sensor connection
INS1290,V0110,MODEL_A,Plant_2,CMP0225,Temperature Sensor,Supplier_A,2026-08-10,NO_SIG,No Signal,Medium,31.0,Fail,Check wiring and connector
INS1291,V0439,MODEL_C,Plant_2,CMP0217,Battery,Supplier_B,2026-01-15,BAT_TEMP,Overheating,Medium,23.25,Fail,Inspect cooling system
INS1292,V0321,MODEL_A,Plant_3,CMP0019,Brake Sensor,Supplier_B,2026-01-12,NO_SIG,No Signal,Medium,68.48,Fail,Check wiring and connector
INS1293,V0384,MODEL_A,Plant_2,CMP0209,Temperature Sensor,Supplier_A,2026-01-10,TEMP_INV,Invalid Reading,Medium,-6.13,Fail,Replace or recalibrate sensor
INS1294,V0336,MODEL_A,Plant_1,CMP0004,Temperature Sensor,Supplier_B,2026-07-18,TEMP_INV,Invalid Reading,Medium,112.03,Fail,Replace or recalibrate sensor
INS1295,V0065,MODEL_B,Plant_1,CMP0058,Temperature Sensor,Supplier_B,2026-07-14,NO_SIG,No Signal,Low,29.23,Fail,Check wiring and connector
INS1296,V0461,MODEL_B,Plant_2,CMP0157,Brake Sensor,Supplier_C,2026-02-20,CAL_ERR,Calibration Error,High,15.32,Fail,Recalibrate sensor
INS1297,V0359,MODEL_C,Plant_1,CMP0073,Brake Sensor,Supplier_B,2026-06-27,SIG_ERR,Signal Error,Medium,77.3,Fail,Inspect sensor connection
INS1298,V0436,MODEL_B,Plant_2,CMP0286,Battery,Supplier_A,2026-05-13,BAT_VOLT,Voltage Drop,High,23.84,Fail,Check battery voltage
INS1299,V0132,MODEL_A,Plant_1,CMP0292,Battery,Supplier_B,2026-03-20,BAT_TEMP,Overheating,High,20.04,Fail,Inspect cooling system
INS1300,V0276,MODEL_A,Plant_3,CMP0004,Temperature Sensor,Supplier_A,2026-07-23,NO_SIG,No Signal,High,-17.04,Fail,Check wiring and connector
INS1301,V0219,MODEL_B,Plant_2,CMP0005,Brake Sensor,Supplier_C,2026-05-13,SIG_ERR,Signal Error,Low,51.15,Fail,Inspect sensor connection
INS1302,V0264,MODEL_B,Plant_2,CMP0085,Brake Sensor,Supplier_C,2026-02-17,SIG_ERR,Signal Error,Medium,9.1,Fail,Inspect sensor connection
INS1303,V0395,MODEL_A,Plant_3,CMP0079,Temperature Sensor,Supplier_A,2026-06-12,TEMP_INV,Invalid Reading,Low,43.29,Fail,Replace or recalibrate sensor
INS1304,V0157,MODEL_A,Plant_2,CMP0251,Temperature Sensor,Supplier_A,2026-02-23,TEMP_INV,Invalid Reading,Low,63.98,Fail,Replace or recalibrate sensor
INS1305,V0433,MODEL_A,Plant_1,CMP0079,Battery,Supplier_A,2026-05-23,BAT_CELL,Cell Imbalance,Medium,73.0,Fail,Inspect battery cells
INS1306,V0087,MODEL_B,Plant_3,CMP0205,Temperature Sensor,Supplier_C,2026-04-07,TEMP_INV,Invalid Reading,Low,106.65,Fail,Replace or recalibrate sensor
INS1307,V0385,MODEL_C,Plant_3,CMP0248,Battery,Supplier_A,2026-06-24,BAT_VOLT,Voltage Drop,Medium,39.34,Fail,Check battery voltage
INS1308,V0011,MODEL_A,Plant_2,CMP0140,Brake Sensor,Supplier_C,2026-04-29,CAL_ERR,Calibration Error,Medium,64.44,Fail,Recalibrate sensor
INS1309,V0404,MODEL_A,Plant_1,CMP0225,Battery,Supplier_B,2026-01-13,BAT_TEMP,Overheating,High,49.09,Fail,Inspect cooling system
INS1310,V0223,MODEL_C,Plant_3,CMP0184,Battery,Supplier_A,2026-05-30,BAT_TEMP,Overheating,Medium,79.31,Fail,Inspect cooling system
INS1311,V0171,MODEL_B,Plant_3,CMP0204,Brake Sensor,Supplier_C,2026-05-18,SIG_ERR,Signal Error,Medium,90.71,Fail,Inspect sensor connection
INS1312,V0299,MODEL_B,Plant_2,CMP0015,Battery,Supplier_C,2026-02-05,BAT_VOLT,Voltage Drop,High,22.9,Fail,Check battery voltage
INS1313,V0472,MODEL_B,Plant_3,CMP0036,Temperature Sensor,Supplier_B,2026-07-21,TEMP_INV,Invalid Reading,High,37.93,Fail,Replace or recalibrate sensor
INS1314,V0268,MODEL_C,Plant_1,CMP0151,Temperature Sensor,Supplier_A,2026-01-13,TEMP_DRIFT,Signal Drift,High,-9.45,Fail,Perform sensor calibration
INS1315,V0413,MODEL_A,Plant_1,CMP0005,Brake Sensor,Supplier_A,2026-07-03,NO_SIG,No Signal,Medium,86.52,Fail,Check wiring and connector
INS1316,V0031,MODEL_C,Plant_2,CMP0084,Battery,,2026-05-14,BAT_CELL,Cell Imbalance,High,68.39,Fail,Inspect battery cells
INS1317,V0490,MODEL_C,Plant_2,CMP0214,Temperature Sensor,Supplier_A,2026-04-15,TEMP_INV,Invalid Reading,Medium,15.19,Fail,Replace or recalibrate sensor
INS1318,V0101,MODEL_C,Plant_1,CMP0258,Battery,Supplier_C,2026-02-15,BAT_TEMP,Overheating,Low,67.31,Fail,Inspect cooling system
INS1319,V0492,MODEL_C,Plant_3,CMP0264,Battery,Supplier_C,2026-02-28,BAT_CELL,Cell Imbalance,Medium,72.26,Fail,Inspect battery cells
INS1320,V0185,MODEL_B,Plant_2,CMP0097,Battery,Supplier_B,2026-07-10,BAT_TEMP,Overheating,Low,47.53,Fail,Inspect cooling system
INS1321,V0024,MODEL_C,Plant_2,CMP0060,Battery,Supplier_C,2026-06-22,BAT_VOLT,Voltage Drop,High,26.18,Fail,Check battery voltage
INS1322,V0047,MODEL_B,Plant_1,CMP0044,Brake Sensor,Supplier_A,2026-02-12,CAL_ERR,Calibration Error,Low,37.24,Fail,Recalibrate sensor
INS1323,V0490,MODEL_A,Plant_1,CMP0241,Temperature Sensor,Supplier_A,2026-08-14,TEMP_DRIFT,Signal Drift,High,3.59,Fail,Perform sensor calibration
INS1324,V0242,MODEL_A,Plant_3,CMP0181,Brake Sensor,Supplier_A,2026-01-29,CAL_ERR,Calibration Error,Low,98.1,Fail,Recalibrate sensor
INS1325,V0186,MODEL_C,Plant_2,CMP0229,Temperature Sensor,Supplier_B,2026-03-31,TEMP_DRIFT,Signal Drift,Low,25.67,Fail,Perform sensor calibration
INS1326,V0322,MODEL_C,Plant_2,CMP0121,Battery,Supplier_A,2026-02-11,BAT_TEMP,Overheating,Medium,28.04,Fail,Inspect cooling system
INS1327,V0299,MODEL_B,Plant_3,CMP0079,Temperature Sensor,Supplier_C,2026-03-30,TEMP_INV,Invalid Reading,Low,115.35,Fail,Replace or recalibrate sensor
INS1328,V0179,MODEL_B,Plant_2,CMP0180,Battery,Supplier_A,2026-07-26,BAT_VOLT,Voltage Drop,High,54.12,Fail,Check battery voltage
INS1329,V0197,MODEL_A,Plant_3,CMP0287,Temperature Sensor,Supplier_A,2026-04-18,TEMP_DRIFT,Signal Drift,Low,67.53,Fail,Perform sensor calibration
INS1330,V0440,MODEL_A,Plant_2,CMP0253,Brake Sensor,Supplier_A,2026-04-12,CAL_ERR,Calibration Error,High,22.22,Fail,Recalibrate sensor
INS1331,V0491,MODEL_C,Plant_2,CMP0046,Brake Sensor,Supplier_B,2026-06-10,CAL_ERR,Calibration Error,Medium,21.27,Fail,Recalibrate sensor
INS1332,V0162,MODEL_A,Plant_2,CMP0074,Battery,Supplier_A,2026-05-05,BAT_TEMP,Overheating,Medium,71.36,Fail,Inspect cooling system
INS1333,V0031,MODEL_B,Plant_2,CMP0049,Battery,Supplier_A,2026-07-08,BAT_CELL,Cell Imbalance,High,32.18,Fail,Inspect battery cells
INS1334,V0476,MODEL_C,Plant_3,CMP0099,Brake Sensor,Supplier_B,2026-06-13,CAL_ERR,Calibration Error,Low,27.87,Fail,Recalibrate sensor
INS1335,V0341,MODEL_B,Plant_2,CMP0072,Temperature Sensor,Supplier_B,2026-07-12,TEMP_INV,Invalid Reading,High,56.45,Fail,Replace or recalibrate sensor
INS1336,V0075,MODEL_A,Plant_1,CMP0289,Temperature Sensor,Supplier_A,2026-01-31,TEMP_INV,Invalid Reading,Medium,27.12,Fail,Replace or recalibrate sensor
INS1337,V0121,MODEL_A,Plant_1,CMP0137,Battery,Supplier_C,2026-06-26,BAT_CELL,Cell Imbalance,Critical,44.43,Fail,Inspect battery cells
INS1338,V0153,MODEL_A,Plant_2,CMP0044,Brake Sensor,Supplier_A,2026-04-19,CAL_ERR,Calibration Error,Medium,82.46,Fail,Recalibrate sensor
INS1339,V0155,MODEL_C,Plant_1,CMP0188,Brake Sensor,Supplier_A,2026-05-04,NO_SIG,No Signal,Low,87.65,Fail,Check wiring and connector
INS1340,V0396,MODEL_B,Plant_3,CMP0278,Battery,Supplier_A,2026-03-29,BAT_VOLT,Voltage Drop,High,20.38,Fail,Check battery voltage
INS1341,V0497,MODEL_B,Plant_2,CMP0106,Temperature Sensor,Supplier_C,2026-07-14,TEMP_INV,Invalid Reading,Low,-4.44,Fail,Replace or recalibrate sensor
INS1342,V0314,MODEL_C,Plant_3,CMP0235,Battery,Supplier_B,2026-04-15,BAT_TEMP,Overheating,Medium,25.47,Fail,Inspect cooling system
INS1343,V0050,MODEL_C,Plant_2,CMP0160,Battery,Supplier_B,2026-02-21,BAT_CELL,Cell Imbalance,Medium,26.47,Fail,Inspect battery cells
INS1344,V0109,MODEL_B,Plant_3,CMP0205,Brake Sensor,Supplier_A,2026-01-25,SIG_ERR,Signal Error,High,21.37,Fail,Inspect sensor connection
INS1345,V0181,MODEL_B,Plant_3,CMP0185,Brake Sensor,Supplier_C,2026-04-20,SIG_ERR,Signal Error,Low,24.86,Fail,Inspect sensor connection
INS1346,V0362,MODEL_B,Plant_2,CMP0294,Battery,Supplier_A,2026-06-14,BAT_CELL,Cell Imbalance,Medium,63.03,Fail,Inspect battery cells
INS1347,V0495,MODEL_C,Plant_2,CMP0288,Battery,Supplier_B,2026-08-10,BAT_TEMP,Overheating,High,34.75,Fail,Inspect cooling system
INS1348,V0205,MODEL_A,Plant_1,CMP0099,Temperature Sensor,Supplier_C,2026-05-18,NO_SIG,No Signal,Medium,67.23,Fail,Check wiring and connector
INS1349,V0451,MODEL_A,Plant_3,CMP0013,Battery,Supplier_A,2026-03-18,BAT_VOLT,Voltage Drop,Medium,77.25,Fail,Check battery voltage
INS1350,V0278,MODEL_A,Plant_2,CMP0264,Battery,Supplier_A,2026-02-19,BAT_CELL,Cell Imbalance,Low,35.58,Fail,Inspect battery cells
INS1351,V0111,MODEL_A,Plant_2,CMP0192,Temperature Sensor,Supplier_B,2026-03-15,TEMP_INV,Invalid Reading,Low,91.6,Fail,Replace or recalibrate sensor
INS1352,V0101,MODEL_C,Plant_3,CMP0163,Temperature Sensor,Supplier_C,2026-03-10,NO_SIG,No Signal,Low,-2.13,Fail,Check wiring and connector
INS1353,V0298,MODEL_A,Plant_1,CMP0230,Battery,Supplier_B,2026-08-13,BAT_VOLT,Voltage Drop,High,32.74,Fail,Check battery voltage
INS1354,V0199,MODEL_B,Plant_1,CMP0226,Brake Sensor,Supplier_C,2026-07-14,SIG_ERR,Signal Error,Low,80.75,Fail,Inspect sensor connection
INS1355,V0316,MODEL_B,Plant_3,CMP0282,Temperature Sensor,Supplier_C,2026-03-19,TEMP_INV,Invalid Reading,Medium,-18.7,Fail,Replace or recalibrate sensor
INS1356,V0007,MODEL_B,Plant_1,CMP0003,Temperature Sensor,Supplier_A,2026-02-20,NO_SIG,No Signal,Low,43.19,Fail,Check wiring and connector
INS1357,V0278,MODEL_A,Plant_1,CMP0179,Battery,Supplier_C,2026-02-26,BAT_VOLT,Voltage Drop,Low,39.35,Fail,Check battery voltage
INS1358,V0340,MODEL_B,Plant_3,CMP0074,Temperature Sensor,Supplier_A,2026-07-31,TEMP_DRIFT,Signal Drift,High,47.38,Fail,Perform sensor calibration
INS1359,V0107,MODEL_B,Plant_3,CMP0131,Temperature Sensor,Supplier_B,2026-08-29,TEMP_INV,Invalid Reading,High,115.98,Fail,Replace or recalibrate sensor
INS1360,V0256,MODEL_B,Plant_3,CMP0167,Brake Sensor,Supplier_B,2026-02-14,SIG_ERR,Signal Error,Low,18.41,Fail,Inspect sensor connection
INS1361,V0333,MODEL_C,Plant_3,CMP0012,Battery,Supplier_C,2026-08-15,BAT_TEMP,Overheating,High,35.88,Fail,Inspect cooling system
INS1362,V0181,MODEL_C,Plant_3,CMP0056,Brake Sensor,Supplier_C,2026-02-14,CAL_ERR,Calibration Error,High,65.35,Fail,Recalibrate sensor
INS1363,V0218,MODEL_A,Plant_1,CMP0011,Temperature Sensor,Supplier_B,2026-06-12,TEMP_INV,Invalid Reading,High,4.53,Fail,Replace or recalibrate sensor
INS1364,V0188,MODEL_C,Plant_1,CMP0091,Temperature Sensor,Supplier_C,2026-08-01,TEMP_INV,Invalid Reading,Medium,44.7,Fail,Replace or recalibrate sensor
INS1365,V0416,MODEL_C,Plant_1,CMP0029,Battery,Supplier_A,2026-05-31,BAT_VOLT,Voltage Drop,High,63.5,Fail,Check battery voltage
INS1366,V0131,MODEL_A,Plant_3,CMP0290,Battery,Supplier_A,2026-08-28,BAT_TEMP,Overheating,Low,69.8,Fail,Inspect cooling system
INS1367,V0253,MODEL_B,Plant_3,CMP0098,Battery,Supplier_C,2026-03-30,BAT_TEMP,Overheating,High,40.66,Fail,Inspect cooling system
INS1368,V0195,MODEL_A,Plant_1,CMP0166,Brake Sensor,Supplier_C,2026-04-16,NO_SIG,No Signal,Low,19.04,Fail,Check wiring and connector
INS1369,V0107,MODEL_A,Plant_2,CMP0156,Battery,Supplier_B,2026-04-06,BAT_TEMP,Overheating,Low,52.57,Fail,Inspect cooling system
INS1370,V0500,MODEL_C,Plant_2,CMP0104,Temperature Sensor,Supplier_B,2026-08-01,TEMP_INV,Invalid Reading,High,-18.02,Fail,Replace or recalibrate sensor
INS1371,V0106,MODEL_A,Plant_2,CMP0256,Battery,Supplier_B,2026-04-21,BAT_TEMP,Overheating,Medium,42.61,Fail,Inspect cooling system
INS1372,V0026,MODEL_B,Plant_2,CMP0201,Temperature Sensor,Supplier_B,2026-06-08,TEMP_INV,Invalid Reading,High,96.94,Fail,Replace or recalibrate sensor
INS1373,V0232,MODEL_A,Plant_3,CMP0051,Temperature Sensor,Supplier_C,2026-03-28,,Invalid Reading,Medium,109.32,Fail,Replace or recalibrate sensor
INS1374,V0068,MODEL_A,Plant_3,CMP0106,Brake Sensor,Supplier_A,2026-04-09,SIG_ERR,Signal Error,Low,93.86,Fail,Inspect sensor connection
INS1375,V0115,MODEL_C,Plant_2,CMP0179,Temperature Sensor,Supplier_A,2026-07-14,TEMP_INV,Invalid Reading,Medium,88.86,Fail,Replace or recalibrate sensor
INS1376,V0135,MODEL_B,Plant_2,CMP0283,Brake Sensor,Supplier_A,2026-01-07,SIG_ERR,Signal Error,Low,36.82,Fail,Inspect sensor connection
INS1377,V0144,MODEL_C,Plant_2,CMP0107,Brake Sensor,Supplier_A,2026-03-24,CAL_ERR,Calibration Error,Medium,68.8,Fail,Recalibrate sensor
INS1378,V0156,MODEL_B,Plant_2,CMP0180,Brake Sensor,Supplier_B,2026-08-24,SIG_ERR,Signal Error,Medium,70.01,Fail,Inspect sensor connection
INS1379,V0383,MODEL_B,Plant_1,CMP0125,Temperature Sensor,Supplier_C,2026-08-15,TEMP_INV,Invalid Reading,Low,19.92,Fail,Replace or recalibrate sensor
INS1380,V0500,MODEL_A,Plant_2,CMP0086,Temperature Sensor,Supplier_C,2026-02-05,NO_SIG,No Signal,High,99.28,Fail,Check wiring and connector
INS1381,V0365,MODEL_A,Plant_3,CMP0116,Temperature Sensor,Supplier_B,2026-08-08,NO_SIG,No Signal,Medium,110.12,Fail,Check wiring and connector
INS1382,V0435,MODEL_A,Plant_1,CMP0212,Brake Sensor,Supplier_B,2026-06-04,CAL_ERR,Calibration Error,High,51.4,Fail,Recalibrate sensor
INS1383,V0469,MODEL_A,Plant_2,CMP0027,Brake Sensor,Supplier_A,2026-03-14,SIG_ERR,Signal Error,Low,13.72,Fail,Inspect sensor connection
INS1384,V0378,MODEL_A,Plant_2,CMP0144,Temperature Sensor,Supplier_B,2026-02-22,TEMP_DRIFT,Signal Drift,Low,-12.72,Fail,Perform sensor calibration
INS1385,V0303,MODEL_C,Plant_1,CMP0066,Brake Sensor,Supplier_C,2026-05-07,SIG_ERR,Signal Error,Low,32.06,Fail,Inspect sensor connection
INS1386,V0018,MODEL_A,Plant_1,CMP0184,Temperature Sensor,Supplier_A,2026-01-14,NO_SIG,No Signal,Low,12.88,Fail,Check wiring and connector
INS1387,V0192,MODEL_C,Plant_1,CMP0118,Brake Sensor,Supplier_C,2026-07-27,SIG_ERR,Signal Error,Low,94.02,Fail,Inspect sensor connection
INS1388,V0176,MODEL_C,Plant_3,CMP0069,Battery,Supplier_B,2026-04-09,BAT_VOLT,Voltage Drop,Low,52.92,Fail,Check battery voltage
INS1389,V0052,MODEL_A,Plant_3,CMP0164,Battery,Supplier_B,2026-07-26,BAT_VOLT,Voltage Drop,High,68.63,Fail,Check battery voltage
INS1390,V0157,MODEL_A,Plant_2,CMP0029,Temperature Sensor,Supplier_C,2026-04-10,TEMP_DRIFT,Signal Drift,Medium,76.3,Fail,Perform sensor calibration
INS1391,V0163,MODEL_B,Plant_1,CMP0294,Brake Sensor,Supplier_C,2026-02-16,SIG_ERR,Signal Error,Low,32.62,Fail,Inspect sensor connection
INS1392,V0186,MODEL_B,Plant_1,CMP0111,Battery,Supplier_C,2026-08-11,BAT_TEMP,Overheating,High,63.54,Fail,Inspect cooling system
INS1393,V0080,MODEL_C,Plant_3,CMP0250,Temperature Sensor,Supplier_C,2026-07-07,NO_SIG,No Signal,High,87.92,Fail,Check wiring and connector
INS1394,V0472,MODEL_B,Plant_1,CMP0235,Brake Sensor,Supplier_B,2026-05-04,NO_SIG,No Signal,Low,17.5,Fail,Check wiring and connector
INS1395,V0124,MODEL_A,Plant_1,CMP0237,Brake Sensor,Supplier_B,2026-03-30,NO_SIG,No Signal,Medium,57.01,Fail,Check wiring and connector
INS1396,V0052,MODEL_C,Plant_1,CMP0274,Battery,Supplier_B,2026-08-25,BAT_CELL,Cell Imbalance,Low,56.16,Fail,Inspect battery cells
INS1397,V0100,MODEL_A,Plant_3,CMP0090,Brake Sensor,Supplier_B,2026-06-11,SIG_ERR,Signal Error,High,31.45,Fail,Inspect sensor connection
INS1398,V0043,MODEL_B,Plant_3,CMP0221,Battery,Supplier_B,2026-06-01,BAT_TEMP,Overheating,Low,20.66,Fail,Inspect cooling system
INS1399,V0244,MODEL_A,Plant_2,CMP0093,Brake Sensor,Supplier_A,2026-01-15,NO_SIG,No Signal,Medium,83.13,Fail,Check wiring and connector
INS1400,V0303,MODEL_A,Plant_3,CMP0210,Brake Sensor,Supplier_A,2026-03-08,NO_SIG,No Signal,High,8.03,Fail,Check wiring and connector
INS1401,V0112,MODEL_C,Plant_1,CMP0111,Battery,Supplier_C,2026-03-25,BAT_VOLT,Voltage Drop,Medium,46.13,Fail,Check battery voltage
INS1402,V0196,MODEL_A,Plant_1,CMP0205,Brake Sensor,Supplier_C,2026-07-14,CAL_ERR,Calibration Error,Medium,54.71,Fail,Recalibrate sensor
INS1403,V0418,MODEL_A,Plant_2,CMP0013,Brake Sensor,Supplier_B,2026-06-28,CAL_ERR,Calibration Error,Low,61.76,Fail,Recalibrate sensor
INS1404,V0465,MODEL_A,Plant_2,CMP0268,Temperature Sensor,Supplier_A,2026-08-16,NO_SIG,No Signal,Medium,-8.92,Fail,Check wiring and connector
INS1405,V0241,MODEL_C,Plant_3,CMP0149,Battery,Supplier_A,2026-06-22,BAT_CELL,Cell Imbalance,Low,71.93,Fail,Inspect battery cells
INS1406,V0363,MODEL_C,Plant_3,CMP0274,Brake Sensor,Supplier_B,2026-07-19,CAL_ERR,Calibration Error,Low,78.43,Fail,Recalibrate sensor
INS1407,V0287,MODEL_C,Plant_1,CMP0024,Battery,Supplier_C,2026-06-19,BAT_CELL,Cell Imbalance,Low,58.75,Fail,Inspect battery cells
INS1408,V0043,MODEL_A,Plant_1,CMP0075,Battery,Supplier_A,2026-07-29,BAT_CELL,Cell Imbalance,Low,37.41,Fail,Inspect battery cells
INS1409,V0493,MODEL_A,Plant_3,CMP0002,Brake Sensor,Supplier_A,2026-02-25,SIG_ERR,Signal Error,Low,19.62,Fail,Inspect sensor connection
INS1410,V0073,MODEL_A,Plant_1,CMP0122,Brake Sensor,Supplier_C,2026-01-12,NO_SIG,No Signal,High,2.39,Fail,Check wiring and connector
INS1411,V0347,MODEL_B,Plant_2,CMP0157,Brake Sensor,Supplier_A,2026-01-14,SIG_ERR,Signal Error,Low,64.86,Fail,Inspect sensor connection
INS1412,V0407,MODEL_A,Plant_2,CMP0110,Battery,Supplier_A,2026-05-14,BAT_VOLT,Voltage Drop,Low,21.7,Fail,Check battery voltage
INS1413,V0328,MODEL_B,Plant_2,CMP0059,Battery,Supplier_C,2026-08-16,BAT_TEMP,Overheating,Low,21.1,Fail,Inspect cooling system
INS1414,V0346,MODEL_B,Plant_2,CMP0083,Battery,Supplier_A,2026-03-07,BAT_CELL,Cell Imbalance,Low,20.05,Fail,Inspect battery cells
INS1415,V0261,MODEL_C,Plant_2,CMP0047,Brake Sensor,Supplier_A,2026-03-28,SIG_ERR,Signal Error,Low,53.72,Fail,Inspect sensor connection
INS1416,V0051,MODEL_A,Plant_1,CMP0026,Temperature Sensor,Supplier_B,2026-08-01,NO_SIG,No Signal,Medium,65.31,Fail,Check wiring and connector
INS1417,V0349,MODEL_B,Plant_3,CMP0273,Battery,Supplier_C,2026-02-21,BAT_TEMP,Overheating,Medium,28.5,Fail,Inspect cooling system
INS1418,V0037,MODEL_C,Plant_2,CMP0263,Temperature Sensor,Supplier_C,2026-01-21,TEMP_INV,Invalid Reading,High,19.76,Fail,Replace or recalibrate sensor
INS1419,V0127,MODEL_A,Plant_2,CMP0055,Brake Sensor,Supplier_B,2026-04-21,CAL_ERR,Calibration Error,Critical,61.39,Fail,Recalibrate sensor
INS1420,V0078,MODEL_C,Plant_3,CMP0078,Temperature Sensor,Supplier_A,2026-07-26,NO_SIG,No Signal,High,73.68,Fail,Check wiring and connector
INS1421,V0194,MODEL_B,Plant_3,CMP0244,Brake Sensor,Supplier_A,2026-01-04,NO_SIG,No Signal,Medium,0.72,Fail,Check wiring and connector
INS1422,V0044,MODEL_C,Plant_1,CMP0127,Temperature Sensor,Supplier_C,2026-01-04,TEMP_DRIFT,Signal Drift,Low,-17.67,Fail,Perform sensor calibration
INS1423,V0052,MODEL_A,Plant_3,CMP0067,Temperature Sensor,Supplier_B,2026-08-05,TEMP_INV,Invalid Reading,Medium,-5.31,Fail,Replace or recalibrate sensor
INS1424,V0054,MODEL_C,Plant_3,CMP0203,Brake Sensor,Supplier_A,2026-02-02,CAL_ERR,Calibration Error,High,14.5,Fail,Recalibrate sensor
INS1425,V0282,MODEL_C,Plant_3,CMP0259,Brake Sensor,Supplier_A,2026-04-27,SIG_ERR,Signal Error,Low,79.99,Fail,Inspect sensor connection
INS1426,V0440,MODEL_B,Plant_3,CMP0015,Brake Sensor,Supplier_C,2026-02-23,SIG_ERR,Signal Error,Medium,72.61,Fail,Inspect sensor connection
INS1427,V0323,MODEL_B,Plant_3,CMP0144,Temperature Sensor,Supplier_C,2026-07-10,TEMP_DRIFT,Signal Drift,Low,112.2,Fail,Perform sensor calibration
INS1428,V0303,MODEL_C,Plant_1,CMP0229,Temperature Sensor,Supplier_A,2026-04-07,NO_SIG,No Signal,Low,18.01,Fail,Check wiring and connector
INS1429,V0200,MODEL_A,Plant_3,CMP0275,Brake Sensor,Supplier_B,2026-07-15,CAL_ERR,Calibration Error,Medium,56.85,Fail,Recalibrate sensor
INS1430,V0344,MODEL_C,Plant_3,CMP0294,Temperature Sensor,Supplier_B,2026-06-14,TEMP_INV,Invalid Reading,Medium,6.77,Fail,Replace or recalibrate sensor
INS1431,V0146,MODEL_A,Plant_1,CMP0199,Brake Sensor,Supplier_A,2026-04-10,NO_SIG,No Signal,Low,71.17,Fail,Check wiring and connector
INS1432,V0129,MODEL_A,Plant_1,CMP0203,Battery,Supplier_A,2026-04-27,BAT_CELL,Cell Imbalance,Medium,44.35,Fail,Inspect battery cells
INS1433,V0441,MODEL_B,Plant_3,CMP0237,Battery,Supplier_C,2026-03-15,BAT_VOLT,Voltage Drop,Medium,47.0,Fail,Check battery voltage
INS1434,V0011,MODEL_B,Plant_3,CMP0259,Battery,Supplier_B,2026-08-09,BAT_VOLT,Voltage Drop,High,40.82,Fail,Check battery voltage
INS1435,V0137,MODEL_C,Plant_2,CMP0208,Battery,Supplier_B,2026-01-14,BAT_CELL,Cell Imbalance,Low,74.6,Fail,Inspect battery cells
INS1436,V0163,MODEL_B,Plant_1,CMP0263,Battery,Supplier_C,2026-03-09,BAT_TEMP,Overheating,Low,40.07,Fail,Inspect cooling system
INS1437,V0111,MODEL_C,Plant_3,CMP0181,Battery,Supplier_B,2026-03-10,BAT_VOLT,Voltage Drop,Medium,42.06,Fail,Check battery voltage
INS1438,V0062,MODEL_B,Plant_3,CMP0232,Battery,Supplier_B,2026-05-02,BAT_VOLT,Voltage Drop,Low,59.83,Fail,Check battery voltage
INS1439,V0055,MODEL_B,Plant_1,CMP0111,Brake Sensor,Supplier_C,2026-08-01,NO_SIG,No Signal,High,62.62,Fail,Check wiring and connector
INS1440,V0278,MODEL_A,Plant_1,CMP0065,Battery,Supplier_C,2026-07-11,BAT_CELL,Cell Imbalance,Medium,60.82,Fail,Inspect battery cells
INS1441,V0036,MODEL_C,Plant_2,CMP0251,Battery,Supplier_C,2026-01-02,BAT_CELL,Cell Imbalance,High,60.38,Fail,Inspect battery cells
INS1442,V0016,MODEL_A,Plant_3,CMP0041,Temperature Sensor,Supplier_B,2026-02-20,TEMP_DRIFT,Signal Drift,Low,38.67,Fail,Perform sensor calibration
INS1443,V0465,MODEL_C,Plant_1,CMP0209,Battery,Supplier_A,2026-03-23,BAT_TEMP,Overheating,Low,20.48,Fail,Inspect cooling system
INS1444,V0133,MODEL_C,Plant_3,CMP0145,Brake Sensor,Supplier_C,2026-02-20,NO_SIG,No Signal,Medium,49.66,Fail,Check wiring and connector
INS1445,V0049,MODEL_C,Plant_2,CMP0178,Battery,Supplier_A,2026-03-11,BAT_VOLT,Voltage Drop,Medium,21.67,Fail,Check battery voltage
INS1446,V0120,MODEL_C,Plant_3,CMP0020,Battery,Supplier_C,2026-01-19,BAT_VOLT,Voltage Drop,Low,24.78,Fail,Check battery voltage
INS1447,V0339,MODEL_C,Plant_1,CMP0246,Battery,Supplier_B,2026-06-09,BAT_TEMP,Overheating,Low,65.04,Fail,Inspect cooling system
INS1448,V0264,MODEL_C,Plant_3,CMP0139,Battery,Supplier_C,2026-07-17,BAT_CELL,Cell Imbalance,Low,9999.0,Fail,Inspect battery cells
INS1449,V0444,MODEL_C,Plant_2,CMP0208,Battery,Supplier_A,2026-04-13,BAT_VOLT,Voltage Drop,Low,22.25,Fail,Check battery voltage
INS1450,V0163,MODEL_B,Plant_3,CMP0132,Brake Sensor,Supplier_C,2026-04-06,CAL_ERR,Calibration Error,High,84.31,Fail,Recalibrate sensor
INS1451,V0217,MODEL_A,Plant_3,CMP0036,Temperature Sensor,Supplier_A,2026-08-11,NO_SIG,No Signal,Low,103.79,Fail,Check wiring and connector
INS1452,V0293,MODEL_B,Plant_3,CMP0225,Battery,Supplier_C,2026-04-17,BAT_VOLT,Voltage Drop,High,77.76,Fail,Check battery voltage
INS1453,V0236,MODEL_C,Plant_1,CMP0277,Battery,Supplier_B,2026-04-07,BAT_TEMP,Overheating,Medium,55.3,Fail,Inspect cooling system
INS1454,V0298,MODEL_C,Plant_1,CMP0126,Brake Sensor,Supplier_A,2026-07-11,SIG_ERR,Signal Error,Medium,74.18,Fail,Inspect sensor connection
INS1455,V0148,MODEL_A,Plant_3,CMP0291,Brake Sensor,Supplier_C,2026-06-26,SIG_ERR,Signal Error,High,47.7,Fail,Inspect sensor connection
INS1456,V0257,MODEL_A,Plant_1,CMP0208,Battery,Supplier_B,2026-01-13,BAT_VOLT,Voltage Drop,Low,76.16,Fail,Check battery voltage
INS1457,V0421,MODEL_C,Plant_1,CMP0126,Temperature Sensor,Supplier_C,2026-05-24,TEMP_INV,Invalid Reading,Low,52.31,Fail,Replace or recalibrate sensor
INS1458,V0354,MODEL_C,Plant_1,CMP0288,Battery,Supplier_C,2026-03-24,BAT_VOLT,Voltage Drop,Low,46.06,Fail,Check battery voltage
INS1459,V0083,MODEL_C,Plant_1,CMP0256,Temperature Sensor,Supplier_C,2026-07-05,TEMP_DRIFT,Signal Drift,Medium,27.44,Fail,Perform sensor calibration
INS1460,V0477,MODEL_C,Plant_1,CMP0207,Battery,Supplier_B,2026-03-15,BAT_TEMP,Overheating,Low,46.03,Fail,Inspect cooling system
INS1461,V0061,MODEL_B,Plant_3,CMP0253,Battery,Supplier_B,2026-02-21,BAT_VOLT,Voltage Drop,High,61.37,Fail,Check battery voltage
INS1462,V0112,MODEL_C,Plant_2,CMP0063,Brake Sensor,Supplier_A,2026-08-03,CAL_ERR,Calibration Error,Low,35.36,Fail,Recalibrate sensor
INS1463,V0221,MODEL_B,Plant_2,CMP0124,Temperature Sensor,Supplier_B,2026-04-09,NO_SIG,No Signal,Medium,-1.29,Fail,Check wiring and connector
INS1464,V0034,MODEL_A,Plant_2,CMP0179,Temperature Sensor,Supplier_B,2026-07-31,NO_SIG,No Signal,High,119.57,Fail,Check wiring and connector
INS1465,V0121,MODEL_A,Plant_3,CMP0065,Battery,Supplier_B,2026-02-12,BAT_TEMP,Overheating,Medium,38.86,Fail,Inspect cooling system
INS1466,V0442,MODEL_A,Plant_2,CMP0192,Brake Sensor,Supplier_A,2026-02-27,SIG_ERR,Signal Error,High,14.22,Fail,Inspect sensor connection
INS1467,V0117,MODEL_B,Plant_2,CMP0238,Brake Sensor,Supplier_B,2026-07-06,NO_SIG,No Signal,High,37.05,Fail,Check wiring and connector
INS1468,V0078,MODEL_C,Plant_3,CMP0116,Battery,Supplier_C,2026-02-07,BAT_TEMP,Overheating,Low,75.02,Fail,Inspect cooling system
INS1469,V0097,MODEL_A,Plant_2,CMP0207,Battery,,2026-01-27,BAT_TEMP,Overheating,High,46.8,Fail,Inspect cooling system
INS1470,V0039,MODEL_C,Plant_1,CMP0238,Brake Sensor,Supplier_A,2026-04-26,NO_SIG,No Signal,High,60.29,Fail,Check wiring and connector
INS1471,V0466,MODEL_A,Plant_1,CMP0225,Brake Sensor,Supplier_A,2026-06-26,CAL_ERR,Calibration Error,Medium,75.23,Fail,Recalibrate sensor
INS1472,V0151,MODEL_B,Plant_3,CMP0248,Brake Sensor,Supplier_C,2026-05-03,CAL_ERR,Calibration Error,Medium,99.77,Fail,Recalibrate sensor
INS1473,V0235,MODEL_C,Plant_2,CMP0099,Brake Sensor,Supplier_A,2026-05-24,SIG_ERR,Signal Error,Low,48.19,Fail,Inspect sensor connection
INS1474,V0495,MODEL_B,Plant_2,CMP0173,Temperature Sensor,Supplier_C,2026-06-26,TEMP_DRIFT,Signal Drift,Low,19.22,Fail,Perform sensor calibration
INS1475,V0383,MODEL_B,Plant_2,CMP0249,Battery,Supplier_C,2026-07-08,BAT_TEMP,Overheating,High,46.54,Fail,Inspect cooling system
INS1476,V0012,MODEL_A,Plant_1,CMP0135,Brake Sensor,Supplier_B,2026-06-28,CAL_ERR,Calibration Error,Low,11.43,Fail,Recalibrate sensor
INS1477,V0300,MODEL_B,Plant_2,CMP0204,Battery,Supplier_A,2026-06-29,BAT_VOLT,Voltage Drop,Medium,65.33,Fail,Check battery voltage
INS1478,V0483,MODEL_A,Plant_2,CMP0175,Temperature Sensor,Supplier_A,2026-05-29,TEMP_INV,Invalid Reading,High,63.93,Fail,Replace or recalibrate sensor
INS1479,V0498,MODEL_A,Plant_2,CMP0098,Temperature Sensor,Supplier_B,2026-03-02,NO_SIG,No Signal,Low,71.53,Fail,Check wiring and connector
INS1480,V0490,MODEL_C,Plant_1,CMP0222,Temperature Sensor,Supplier_C,2026-01-21,TEMP_DRIFT,Signal Drift,Low,-14.78,Fail,Perform sensor calibration
INS1481,V0462,MODEL_A,Plant_2,CMP0013,Brake Sensor,Supplier_C,2026-06-06,SIG_ERR,Signal Error,Low,66.86,Fail,Inspect sensor connection
INS1482,V0431,MODEL_B,Plant_3,CMP0118,Temperature Sensor,Supplier_C,2026-06-01,NO_SIG,No Signal,High,99.22,Fail,Check wiring and connector
INS1483,V0083,MODEL_A,Plant_1,CMP0279,Battery,,2026-02-28,BAT_TEMP,Overheating,Medium,45.3,Fail,Inspect cooling system
INS1484,V0317,MODEL_B,Plant_2,CMP0230,Battery,Supplier_B,2026-08-11,BAT_VOLT,Voltage Drop,Medium,34.37,Fail,Check battery voltage
INS1485,V0130,MODEL_B,Plant_3,CMP0187,Temperature Sensor,Supplier_A,2026-04-22,TEMP_DRIFT,Signal Drift,High,112.04,Fail,Perform sensor calibration
INS1486,V0296,MODEL_C,Plant_1,CMP0170,Brake Sensor,Supplier_C,2026-07-04,CAL_ERR,Calibration Error,High,80.09,Fail,Recalibrate sensor
INS1487,V0268,MODEL_C,Plant_3,CMP0093,Battery,Supplier_A,2026-07-01,BAT_TEMP,Overheating,High,38.18,Fail,Inspect cooling system
INS1488,V0276,MODEL_C,Plant_2,CMP0198,Battery,Supplier_B,2026-01-26,BAT_TEMP,Overheating,High,76.83,Fail,Inspect cooling system
INS1489,V0391,MODEL_C,Plant_2,CMP0155,Temperature Sensor,Supplier_B,2026-04-25,TEMP_DRIFT,Signal Drift,Medium,23.36,Fail,Perform sensor calibration
INS1490,V0268,MODEL_C,Plant_3,CMP0220,Brake Sensor,Supplier_B,2026-08-20,SIG_ERR,Signal Error,High,32.96,Fail,Inspect sensor connection
INS1491,V0242,MODEL_A,Plant_1,CMP0064,Brake Sensor,Supplier_A,2026-04-09,NO_SIG,No Signal,High,4.55,Fail,Check wiring and connector
INS1492,V0252,MODEL_A,Plant_1,CMP0232,Brake Sensor,Supplier_B,2026-04-05,CAL_ERR,Calibration Error,Low,38.55,Fail,Recalibrate sensor
INS1493,V0410,MODEL_A,Plant_1,CMP0238,Brake Sensor,Supplier_B,2026-01-31,NO_SIG,No Signal,Medium,30.22,Fail,Check wiring and connector
INS1494,V0058,MODEL_B,Plant_1,CMP0224,Temperature Sensor,Supplier_B,2026-08-08,TEMP_INV,Invalid Reading,Low,20.24,Fail,Replace or recalibrate sensor
INS1495,V0315,MODEL_A,Plant_1,CMP0051,Battery,Supplier_A,2026-03-12,BAT_TEMP,Overheating,High,22.14,Fail,Inspect cooling system
INS1496,V0257,MODEL_A,Plant_2,CMP0086,Brake Sensor,Supplier_C,2026-05-12,SIG_ERR,Signal Error,High,98.96,Fail,Inspect sensor connection
INS1497,V0307,MODEL_C,Plant_3,CMP0104,Temperature Sensor,,2026-07-08,TEMP_DRIFT,Signal Drift,High,-1.16,Fail,Perform sensor calibration
INS1498,V0036,MODEL_C,Plant_1,CMP0246,Battery,Supplier_B,2026-06-23,BAT_TEMP,Overheating,Low,79.63,Fail,Inspect cooling system
INS1499,V0270,MODEL_A,Plant_3,CMP0288,Brake Sensor,Supplier_B,2026-08-18,SIG_ERR,Signal Error,High,26.15,Fail,Inspect sensor connection
INS1500,V0355,MODEL_B,Plant_1,CMP0294,Temperature Sensor,Supplier_A,2026-08-05,TEMP_DRIFT,Signal Drift,Medium,1.97,Fail,Perform sensor calibration
INS1501,V0031,MODEL_A,Plant_2,CMP0228,Battery,Supplier_A,2026-01-09,BAT_VOLT,Voltage Drop,High,54.1,Fail,Check battery voltage
INS1502,V0443,MODEL_B,Plant_1,CMP0054,Battery,Supplier_C,2026-07-06,BAT_CELL,Cell Imbalance,High,57.36,Fail,Inspect battery cells
INS1503,V0482,MODEL_C,Plant_3,CMP0297,Battery,Supplier_C,2026-03-17,BAT_TEMP,Overheating,Low,59.73,Fail,Inspect cooling system
INS1504,V0269,MODEL_A,Plant_2,CMP0010,Brake Sensor,Supplier_B,2026-08-08,NO_SIG,No Signal,High,73.15,Fail,Check wiring and connector
INS1505,V0291,MODEL_A,Plant_3,CMP0102,Battery,Supplier_B,2026-04-08,BAT_TEMP,Overheating,Low,57.06,Fail,Inspect cooling system
INS1506,V0188,MODEL_B,Plant_2,CMP0089,Temperature Sensor,Supplier_C,2026-06-15,TEMP_INV,Invalid Reading,Low,48.29,Fail,Replace or recalibrate sensor
INS1507,V0238,MODEL_C,Plant_1,CMP0284,Brake Sensor,Supplier_C,2026-06-07,SIG_ERR,Signal Error,Low,17.43,Fail,Inspect sensor connection
INS1508,V0328,MODEL_A,Plant_2,CMP0215,Temperature Sensor,Supplier_A,2026-01-08,TEMP_INV,Invalid Reading,Medium,59.59,Fail,Replace or recalibrate sensor
INS1509,V0042,MODEL_C,Plant_2,CMP0243,Brake Sensor,Supplier_C,2026-06-09,CAL_ERR,Calibration Error,Medium,43.16,Fail,Recalibrate sensor
INS1510,V0300,MODEL_C,Plant_2,CMP0119,Temperature Sensor,Supplier_B,2026-06-04,NO_SIG,No Signal,High,110.24,Fail,Check wiring and connector
INS1511,V0032,MODEL_A,Plant_1,CMP0256,Brake Sensor,Supplier_B,2026-05-17,CAL_ERR,Calibration Error,Medium,13.11,Fail,Recalibrate sensor
INS1512,V0090,MODEL_A,Plant_3,CMP0167,Battery,Supplier_C,2026-08-29,BAT_TEMP,Overheating,High,45.2,Fail,Inspect cooling system
INS1513,V0291,MODEL_A,Plant_3,CMP0129,Temperature Sensor,Supplier_A,2026-05-28,TEMP_INV,Invalid Reading,Medium,70.86,Fail,Replace or recalibrate sensor
INS1514,V0057,MODEL_C,Plant_3,CMP0118,Brake Sensor,Supplier_C,2026-06-06,CAL_ERR,Calibration Error,High,96.1,Fail,Recalibrate sensor
INS1515,V0444,MODEL_B,Plant_1,CMP0044,Battery,Supplier_C,2026-01-04,BAT_CELL,Cell Imbalance,Low,43.57,Fail,Inspect battery cells
INS1516,V0312,MODEL_C,Plant_2,CMP0066,Temperature Sensor,Supplier_A,2026-06-02,NO_SIG,No Signal,High,10.12,Fail,Check wiring and connector
INS1517,V0254,MODEL_B,Plant_2,CMP0057,Brake Sensor,Supplier_C,2026-01-28,SIG_ERR,Signal Error,Low,37.17,Fail,Inspect sensor connection
INS1518,V0188,MODEL_A,Plant_2,CMP0164,Temperature Sensor,Supplier_B,2026-01-01,NO_SIG,No Signal,Medium,40.28,Fail,Check wiring and connector
INS1519,V0360,MODEL_A,Plant_2,CMP0268,Temperature Sensor,Supplier_A,2026-07-29,TEMP_DRIFT,Signal Drift,Medium,27.16,Fail,Perform sensor calibration
INS1520,V0234,MODEL_B,Plant_3,CMP0077,Brake Sensor,Supplier_A,2026-08-05,NO_SIG,No Signal,High,80.2,Fail,Check wiring and connector
INS1521,V0060,MODEL_A,Plant_3,CMP0067,Battery,Supplier_C,2026-01-27,BAT_CELL,Cell Imbalance,Medium,64.85,Fail,Inspect battery cells
INS1522,V0029,MODEL_B,Plant_2,CMP0150,Battery,Supplier_C,2026-06-10,BAT_VOLT,Voltage Drop,Low,36.49,Fail,Check battery voltage
INS1523,V0054,MODEL_B,Plant_1,CMP0108,Brake Sensor,Supplier_B,2026-01-06,SIG_ERR,Signal Error,Medium,52.65,Fail,Inspect sensor connection
INS1524,V0482,MODEL_A,Plant_1,CMP0238,Brake Sensor,Supplier_C,2026-02-20,SIG_ERR,Signal Error,Low,11.2,Fail,Inspect sensor connection
INS1525,V0373,MODEL_C,Plant_1,CMP0177,Brake Sensor,Supplier_A,2026-07-16,NO_SIG,No Signal,High,47.99,Fail,Check wiring and connector
INS1526,V0079,MODEL_A,Plant_1,CMP0143,Temperature Sensor,Supplier_A,2026-06-19,TEMP_DRIFT,Signal Drift,High,112.69,Fail,Perform sensor calibration
INS1527,V0027,MODEL_C,Plant_2,CMP0081,Temperature Sensor,Supplier_C,2026-07-12,TEMP_INV,Invalid Reading,High,100.97,Fail,Replace or recalibrate sensor
INS1528,V0362,MODEL_B,Plant_3,CMP0070,Battery,Supplier_C,2026-08-06,BAT_TEMP,Overheating,Low,61.88,Fail,Inspect cooling system
INS1529,V0405,MODEL_B,Plant_3,CMP0151,Battery,Supplier_A,2026-08-04,BAT_VOLT,Voltage Drop,Medium,25.52,Fail,Check battery voltage
INS1530,V0123,MODEL_C,Plant_1,CMP0003,Temperature Sensor,Supplier_B,2026-01-20,NO_SIG,No Signal,Critical,32.09,Fail,Check wiring and connector
INS1531,V0318,MODEL_C,Plant_2,CMP0086,Brake Sensor,Supplier_A,2026-04-04,NO_SIG,No Signal,Medium,27.47,Fail,Check wiring and connector
INS1532,V0309,MODEL_C,Plant_3,CMP0221,Battery,Supplier_C,2026-05-17,BAT_TEMP,Overheating,High,66.33,Fail,Inspect cooling system
INS1533,V0185,MODEL_A,Plant_3,CMP0117,Brake Sensor,Supplier_B,2026-03-14,NO_SIG,No Signal,High,69.49,Fail,Check wiring and connector
INS1534,V0279,MODEL_B,Plant_3,CMP0239,Brake Sensor,Supplier_A,2026-06-07,CAL_ERR,Calibration Error,Medium,41.97,Fail,Recalibrate sensor
INS1535,V0296,MODEL_C,Plant_3,CMP0093,Temperature Sensor,Supplier_C,2026-05-16,TEMP_DRIFT,Signal Drift,Medium,38.64,Fail,Perform sensor calibration
INS1536,V0106,MODEL_B,Plant_3,CMP0041,Battery,Supplier_A,2026-04-04,BAT_CELL,Cell Imbalance,Low,28.73,Fail,Inspect battery cells
INS1537,V0264,MODEL_C,Plant_2,CMP0193,Battery,Supplier_B,2026-04-08,BAT_TEMP,Overheating,Low,42.62,Fail,Inspect cooling system
INS1538,V0217,MODEL_B,Plant_2,CMP0035,Temperature Sensor,Supplier_B,2026-01-30,TEMP_INV,Invalid Reading,Low,2.06,Fail,Replace or recalibrate sensor
INS1539,V0378,MODEL_B,Plant_1,CMP0099,Temperature Sensor,Supplier_B,2026-01-17,TEMP_INV,Invalid Reading,High,54.37,Fail,Replace or recalibrate sensor
INS1540,V0175,MODEL_B,Plant_3,CMP0136,Battery,Supplier_B,2026-05-24,BAT_TEMP,Overheating,High,71.19,Fail,Inspect cooling system
INS1541,V0032,MODEL_B,Plant_1,CMP0071,Temperature Sensor,Supplier_A,2026-02-26,TEMP_INV,Invalid Reading,Low,28.37,Fail,Replace or recalibrate sensor
INS1542,V0459,MODEL_A,Plant_3,CMP0279,Battery,Supplier_A,2026-05-15,BAT_CELL,Cell Imbalance,Medium,20.7,Fail,Inspect battery cells
INS1543,V0173,MODEL_A,Plant_2,CMP0214,Brake Sensor,Supplier_B,2026-08-09,SIG_ERR,Signal Error,High,73.08,Fail,Inspect sensor connection
INS1544,V0271,MODEL_C,Plant_2,CMP0011,Battery,Supplier_C,2026-02-28,BAT_CELL,Cell Imbalance,Medium,22.88,Fail,Inspect battery cells
INS1545,V0447,MODEL_B,Plant_3,CMP0147,Temperature Sensor,Supplier_B,2026-01-15,NO_SIG,No Signal,High,-5.25,Fail,Check wiring and connector
INS1546,V0193,MODEL_C,Plant_3,CMP0195,Temperature Sensor,Supplier_A,2026-04-12,TEMP_DRIFT,Signal Drift,High,56.0,Fail,Perform sensor calibration
INS1547,V0463,MODEL_C,Plant_2,CMP0097,Temperature Sensor,Supplier_C,2026-03-13,NO_SIG,No Signal,Medium,30.89,Fail,Check wiring and connector
INS1548,V0298,MODEL_B,Plant_2,CMP0185,Battery,Supplier_A,2026-02-15,BAT_CELL,Cell Imbalance,Medium,54.61,Fail,Inspect battery cells
INS1549,V0490,MODEL_B,Plant_2,CMP0266,Temperature Sensor,Supplier_B,2026-05-29,NO_SIG,No Signal,High,87.37,Fail,Check wiring and connector
INS1550,V0389,MODEL_B,Plant_1,CMP0005,Temperature Sensor,Supplier_C,2026-03-23,TEMP_INV,Invalid Reading,Medium,0.73,Fail,Replace or recalibrate sensor
INS1551,V0445,MODEL_A,Plant_1,CMP0274,Battery,Supplier_C,2026-07-05,BAT_VOLT,Voltage Drop,Low,75.09,Fail,Check battery voltage
INS1552,V0216,MODEL_A,Plant_1,CMP0159,Temperature Sensor,Supplier_C,2026-06-30,NO_SIG,No Signal,Low,64.77,Fail,Check wiring and connector
INS1553,V0035,MODEL_B,Plant_2,CMP0081,Battery,Supplier_C,2026-04-29,BAT_CELL,Cell Imbalance,Medium,9999.0,Fail,Inspect battery cells
INS1554,V0293,MODEL_C,Plant_2,CMP0107,Battery,Supplier_B,2026-03-28,BAT_TEMP,Overheating,Low,35.88,Fail,Inspect cooling system
INS1555,V0259,MODEL_A,Plant_2,CMP0016,Temperature Sensor,Supplier_B,2026-04-03,NO_SIG,No Signal,Medium,110.37,Fail,Check wiring and connector
INS1556,V0338,MODEL_B,Plant_3,CMP0096,Brake Sensor,Supplier_B,2026-08-23,CAL_ERR,Calibration Error,High,65.78,Fail,Recalibrate sensor
INS1557,V0122,MODEL_B,Plant_1,CMP0225,Battery,Supplier_B,2026-07-15,BAT_VOLT,Voltage Drop,Medium,22.77,Fail,Check battery voltage
INS1558,V0409,MODEL_A,Plant_3,CMP0203,Temperature Sensor,Supplier_C,2026-06-13,NO_SIG,No Signal,High,2.49,Fail,Check wiring and connector
INS1559,V0011,MODEL_B,Plant_3,CMP0239,Battery,Supplier_C,2026-06-17,BAT_TEMP,Overheating,Medium,33.68,Fail,Inspect cooling system
INS1560,V0014,MODEL_B,Plant_2,CMP0286,Brake Sensor,Supplier_C,2026-07-11,SIG_ERR,Signal Error,Low,46.92,Fail,Inspect sensor connection
INS1561,V0487,MODEL_B,Plant_1,CMP0206,Brake Sensor,Supplier_A,2026-08-07,NO_SIG,No Signal,Medium,68.51,Fail,Check wiring and connector
INS1562,V0019,MODEL_C,Plant_3,CMP0125,Temperature Sensor,Supplier_A,2026-08-27,NO_SIG,No Signal,Low,76.67,Fail,Check wiring and connector
INS1563,V0016,MODEL_C,Plant_2,CMP0045,Battery,Supplier_A,2026-02-07,BAT_TEMP,Overheating,Medium,45.26,Fail,Inspect cooling system
INS1564,V0361,MODEL_A,Plant_1,CMP0151,Battery,Supplier_B,2026-04-06,BAT_TEMP,Overheating,Low,39.45,Fail,Inspect cooling system
INS1565,V0437,MODEL_A,Plant_2,CMP0036,Brake Sensor,Supplier_B,2026-07-20,SIG_ERR,Signal Error,Medium,9.63,Fail,Inspect sensor connection
INS1566,V0330,MODEL_B,Plant_1,CMP0253,Brake Sensor,Supplier_B,2026-03-25,SIG_ERR,Signal Error,Medium,17.84,Fail,Inspect sensor connection
INS1567,V0092,MODEL_C,Plant_1,CMP0205,Temperature Sensor,Supplier_A,2026-05-05,,No Signal,Medium,59.08,Fail,Check wiring and connector
INS1568,V0322,MODEL_C,Plant_3,CMP0028,Temperature Sensor,Supplier_A,2026-02-12,TEMP_INV,Invalid Reading,High,-12.97,Fail,Replace or recalibrate sensor
INS1569,V0320,MODEL_C,Plant_2,CMP0283,Battery,Supplier_A,2026-01-16,BAT_CELL,Cell Imbalance,High,50.09,Fail,Inspect battery cells
INS1570,V0026,MODEL_B,Plant_1,CMP0257,Temperature Sensor,Supplier_C,2026-03-19,TEMP_INV,Invalid Reading,Medium,11.52,Fail,Replace or recalibrate sensor
INS1571,V0177,MODEL_C,Plant_1,CMP0114,Battery,Supplier_A,2026-05-27,BAT_CELL,Cell Imbalance,Low,71.09,Fail,Inspect battery cells
INS1572,V0299,MODEL_C,Plant_2,CMP0001,Brake Sensor,Supplier_C,2026-08-08,CAL_ERR,Calibration Error,High,52.04,Fail,Recalibrate sensor
INS1573,V0171,MODEL_C,Plant_1,CMP0079,Battery,Supplier_C,2026-04-17,BAT_VOLT,Voltage Drop,High,75.75,Fail,Check battery voltage
INS1574,V0356,MODEL_C,Plant_1,CMP0230,Battery,Supplier_C,2026-05-27,BAT_VOLT,Voltage Drop,High,70.72,Fail,Check battery voltage
INS1575,V0139,MODEL_C,Plant_3,CMP0021,Brake Sensor,Supplier_B,2026-04-22,CAL_ERR,Calibration Error,High,9.92,Fail,Recalibrate sensor
INS1576,V0292,MODEL_A,Plant_3,CMP0272,Battery,Supplier_B,2026-01-11,BAT_TEMP,Overheating,Low,40.91,Fail,Inspect cooling system
INS1577,V0116,MODEL_B,Plant_3,CMP0086,Brake Sensor,Supplier_C,2026-07-15,SIG_ERR,Signal Error,High,92.67,Fail,Inspect sensor connection
INS1578,V0061,MODEL_C,Plant_2,CMP0124,Brake Sensor,Supplier_B,2026-01-13,SIG_ERR,Signal Error,High,9.7,Fail,Inspect sensor connection
INS1579,V0449,MODEL_A,Plant_2,CMP0057,Temperature Sensor,Supplier_A,2026-02-08,TEMP_DRIFT,Signal Drift,Medium,98.92,Fail,Perform sensor calibration
INS1580,V0198,MODEL_C,Plant_3,CMP0247,Battery,Supplier_A,2026-08-15,BAT_CELL,Cell Imbalance,Low,38.96,Fail,Inspect battery cells
INS1581,V0323,MODEL_A,Plant_3,CMP0028,Battery,Supplier_B,2026-02-15,BAT_TEMP,Overheating,Low,25.96,Fail,Inspect cooling system
INS1582,V0413,MODEL_C,Plant_2,CMP0118,Battery,Supplier_B,2026-08-18,BAT_TEMP,Overheating,High,65.14,Fail,Inspect cooling system
INS1583,V0410,MODEL_C,Plant_3,CMP0135,Temperature Sensor,Supplier_C,2026-08-05,TEMP_INV,Invalid Reading,Low,-15.94,Fail,Replace or recalibrate sensor
INS1584,V0362,MODEL_B,Plant_3,CMP0138,Battery,Supplier_A,2026-03-15,BAT_CELL,Cell Imbalance,High,47.07,Fail,Inspect battery cells
INS1585,V0043,MODEL_C,Plant_2,CMP0164,Temperature Sensor,Supplier_B,2026-03-13,NO_SIG,No Signal,High,53.0,Fail,Check wiring and connector
INS1586,V0018,MODEL_A,Plant_1,CMP0201,Temperature Sensor,Supplier_C,2026-01-04,TEMP_DRIFT,Signal Drift,Low,-11.03,Fail,Perform sensor calibration
INS1587,V0074,MODEL_C,Plant_3,CMP0023,Brake Sensor,Supplier_B,2026-08-18,SIG_ERR,Signal Error,Low,10.27,Fail,Inspect sensor connection
INS1588,V0165,MODEL_A,Plant_2,CMP0268,Brake Sensor,Supplier_A,2026-01-30,NO_SIG,No Signal,Medium,96.64,Fail,Check wiring and connector
INS1589,V0349,MODEL_B,Plant_3,CMP0082,Battery,Supplier_A,2026-04-14,BAT_TEMP,Overheating,Medium,22.26,Fail,Inspect cooling system
INS1590,V0186,MODEL_A,Plant_2,CMP0094,Temperature Sensor,Supplier_A,2026-05-13,TEMP_DRIFT,Signal Drift,Medium,59.87,Fail,Perform sensor calibration
INS1591,V0335,MODEL_B,Plant_1,CMP0047,Temperature Sensor,Supplier_B,2026-08-05,TEMP_DRIFT,Signal Drift,Medium,19.04,Fail,Perform sensor calibration
INS1592,V0068,MODEL_B,Plant_3,CMP0006,Brake Sensor,Supplier_B,2026-03-14,NO_SIG,No Signal,High,83.18,Fail,Check wiring and connector
INS1593,V0469,MODEL_A,Plant_3,CMP0230,Brake Sensor,Supplier_A,2026-05-31,NO_SIG,No Signal,High,87.9,Fail,Check wiring and connector
INS1594,V0261,MODEL_B,Plant_3,CMP0225,Temperature Sensor,Supplier_C,2026-02-21,TEMP_DRIFT,Signal Drift,Medium,107.52,Fail,Perform sensor calibration
INS1595,V0175,MODEL_C,Plant_2,CMP0068,Battery,Supplier_B,2026-05-21,BAT_VOLT,Voltage Drop,Low,28.14,Fail,Check battery voltage
INS1596,V0288,MODEL_B,Plant_1,CMP0070,Battery,Supplier_C,2026-06-15,BAT_TEMP,Overheating,Low,74.31,Fail,Inspect cooling system
INS1597,V0236,MODEL_B,Plant_3,CMP0245,Battery,Supplier_C,2026-02-24,BAT_TEMP,Overheating,Medium,68.08,Fail,Inspect cooling system
INS1598,V0125,MODEL_B,Plant_1,CMP0159,Battery,Supplier_C,2026-08-10,BAT_CELL,Cell Imbalance,Low,65.44,Fail,Inspect battery cells
INS1599,V0282,MODEL_C,Plant_2,CMP0055,Temperature Sensor,Supplier_C,2026-01-16,TEMP_INV,Invalid Reading,Medium,106.4,Fail,Replace or recalibrate sensor
INS1600,V0280,MODEL_C,Plant_1,CMP0144,Brake Sensor,Supplier_A,2026-06-02,NO_SIG,No Signal,Medium,59.42,Fail,Check wiring and connector
INS1601,V0188,MODEL_A,Plant_1,CMP0014,Battery,Supplier_B,2026-04-21,BAT_TEMP,Overheating,Low,56.78,Fail,Inspect cooling system
INS1602,V0154,MODEL_C,Plant_2,CMP0186,Battery,Supplier_B,2026-04-26,BAT_TEMP,Overheating,Medium,29.44,Fail,Inspect cooling system
INS1603,V0030,MODEL_A,Plant_3,CMP0193,Brake Sensor,Supplier_A,2026-08-22,NO_SIG,No Signal,High,42.71,Fail,Check wiring and connector
INS1604,V0025,MODEL_C,Plant_3,CMP0163,Brake Sensor,Supplier_B,2026-07-31,NO_SIG,No Signal,Low,96.61,Fail,Check wiring and connector
INS1605,V0021,MODEL_C,Plant_2,CMP0107,Battery,Supplier_C,2026-05-01,BAT_VOLT,Voltage Drop,High,30.59,Fail,Check battery voltage
INS1606,V0095,MODEL_A,Plant_2,CMP0200,Battery,Supplier_C,2026-02-28,BAT_TEMP,Overheating,Medium,57.18,Fail,Inspect cooling system
INS1607,V0277,MODEL_C,Plant_2,CMP0233,Temperature Sensor,Supplier_B,2026-03-24,NO_SIG,No Signal,Medium,50.54,Fail,Check wiring and connector
INS1608,V0448,MODEL_C,Plant_2,CMP0164,Battery,Supplier_C,2026-08-12,BAT_TEMP,Overheating,Medium,75.63,Fail,Inspect cooling system
INS1609,V0121,MODEL_A,Plant_1,CMP0028,Brake Sensor,Supplier_C,2026-08-12,CAL_ERR,Calibration Error,High,87.81,Fail,Recalibrate sensor
INS1610,V0249,MODEL_B,Plant_2,CMP0244,Brake Sensor,Supplier_B,2026-06-30,CAL_ERR,Calibration Error,Medium,85.54,Fail,Recalibrate sensor
INS1611,V0322,MODEL_A,Plant_3,CMP0265,Temperature Sensor,Supplier_B,2026-05-06,TEMP_DRIFT,Signal Drift,Low,56.16,Fail,Perform sensor calibration
INS1612,V0411,MODEL_C,Plant_2,CMP0223,Brake Sensor,Supplier_B,2026-01-18,SIG_ERR,Signal Error,High,40.2,Fail,Inspect sensor connection
INS1613,V0185,MODEL_C,Plant_2,CMP0183,Brake Sensor,Supplier_B,2026-05-29,CAL_ERR,Calibration Error,Low,27.39,Fail,Recalibrate sensor
INS1614,V0384,MODEL_B,Plant_3,CMP0165,Battery,Supplier_C,2026-03-23,,Overheating,Low,60.43,Fail,Inspect cooling system
INS1615,V0496,MODEL_C,Plant_3,CMP0164,Brake Sensor,Supplier_C,2026-02-20,NO_SIG,No Signal,High,38.02,Fail,Check wiring and connector
INS1616,V0330,MODEL_A,Plant_3,CMP0011,Brake Sensor,Supplier_C,2026-05-13,CAL_ERR,Calibration Error,High,57.67,Fail,Recalibrate sensor
INS1617,V0165,MODEL_A,Plant_1,CMP0105,Temperature Sensor,Supplier_C,2026-05-13,TEMP_INV,Invalid Reading,Low,67.51,Fail,Replace or recalibrate sensor
INS1618,V0323,MODEL_A,Plant_3,CMP0130,Temperature Sensor,Supplier_B,2026-03-14,TEMP_INV,Invalid Reading,Low,5.04,Fail,Replace or recalibrate sensor
INS1619,V0036,MODEL_C,Plant_2,CMP0114,Temperature Sensor,Supplier_A,2026-03-15,TEMP_INV,Invalid Reading,Low,-19.51,Fail,Replace or recalibrate sensor
INS1620,V0442,MODEL_A,Plant_1,CMP0013,Brake Sensor,Supplier_A,2026-04-10,NO_SIG,No Signal,Low,43.87,Fail,Check wiring and connector
INS1621,V0482,MODEL_C,Plant_3,CMP0058,Battery,Supplier_C,2026-06-08,BAT_VOLT,Voltage Drop,Medium,24.62,Fail,Check battery voltage
INS1622,V0063,MODEL_C,Plant_1,CMP0022,Brake Sensor,Supplier_C,2026-06-26,CAL_ERR,Calibration Error,Medium,48.27,Fail,Recalibrate sensor
INS1623,V0015,MODEL_C,Plant_2,CMP0129,Battery,Supplier_B,2026-05-01,BAT_VOLT,Voltage Drop,Medium,43.14,Fail,Check battery voltage
INS1624,V0275,MODEL_C,Plant_3,CMP0103,Temperature Sensor,Supplier_A,2026-02-16,TEMP_DRIFT,Signal Drift,High,63.03,Fail,Perform sensor calibration
INS1625,V0398,MODEL_A,Plant_2,CMP0222,Brake Sensor,Supplier_C,2026-03-01,SIG_ERR,Signal Error,High,73.04,Fail,Inspect sensor connection
INS1626,V0076,MODEL_C,Plant_3,CMP0228,Battery,Supplier_A,2026-03-20,BAT_VOLT,Voltage Drop,High,32.11,Fail,Check battery voltage
INS1627,V0260,MODEL_A,Plant_2,CMP0178,Brake Sensor,Supplier_B,2026-04-17,NO_SIG,No Signal,Critical,64.74,Fail,Check wiring and connector
INS1628,V0268,MODEL_A,Plant_1,CMP0278,Temperature Sensor,Supplier_C,2026-05-30,TEMP_INV,Invalid Reading,High,35.63,Fail,Replace or recalibrate sensor
INS1629,V0384,MODEL_C,Plant_2,CMP0276,Battery,Supplier_B,2026-06-04,BAT_CELL,Cell Imbalance,Low,70.76,Fail,Inspect battery cells
INS1630,V0273,MODEL_B,Plant_3,CMP0047,Brake Sensor,Supplier_B,2026-07-12,NO_SIG,No Signal,High,78.64,Fail,Check wiring and connector
INS1631,V0069,MODEL_B,Plant_3,CMP0094,Battery,Supplier_C,2026-03-28,BAT_VOLT,Voltage Drop,High,24.1,Fail,Check battery voltage
INS1632,V0417,MODEL_C,Plant_1,CMP0002,Temperature Sensor,Supplier_C,2026-06-22,NO_SIG,No Signal,High,113.43,Fail,Check wiring and connector
INS1633,V0127,MODEL_C,Plant_1,CMP0177,Temperature Sensor,Supplier_A,2026-08-03,NO_SIG,No Signal,Medium,19.07,Fail,Check wiring and connector
INS1634,V0226,MODEL_B,Plant_2,CMP0111,Temperature Sensor,Supplier_B,2026-01-23,TEMP_INV,Invalid Reading,Low,9999.0,Fail,Replace or recalibrate sensor
INS1635,V0187,MODEL_A,Plant_3,CMP0062,Brake Sensor,Supplier_B,2026-04-16,CAL_ERR,Calibration Error,Low,40.83,Fail,Recalibrate sensor
INS1636,V0361,MODEL_A,Plant_1,CMP0090,Battery,Supplier_B,2026-05-31,BAT_TEMP,Overheating,Medium,74.45,Fail,Inspect cooling system
INS1637,V0264,MODEL_B,Plant_3,CMP0087,Battery,,2026-07-19,BAT_TEMP,Overheating,High,48.27,Fail,Inspect cooling system
INS1638,V0217,MODEL_C,Plant_2,CMP0013,Battery,Supplier_C,2026-05-18,BAT_VOLT,Voltage Drop,Low,38.1,Fail,Check battery voltage
INS1639,V0007,MODEL_A,Plant_3,CMP0281,Brake Sensor,Supplier_C,2026-02-28,NO_SIG,No Signal,Medium,80.04,Fail,Check wiring and connector
INS1640,V0453,MODEL_B,Plant_2,CMP0181,Brake Sensor,Supplier_C,2026-03-26,SIG_ERR,Signal Error,High,85.34,Fail,Inspect sensor connection
INS1641,V0065,MODEL_B,Plant_3,CMP0083,Battery,Supplier_A,2026-01-15,BAT_VOLT,Voltage Drop,Low,65.29,Fail,Check battery voltage
INS1642,V0390,MODEL_B,Plant_2,CMP0171,Temperature Sensor,Supplier_A,2026-07-12,TEMP_INV,Invalid Reading,High,-1.66,Fail,Replace or recalibrate sensor
INS1643,V0201,MODEL_B,Plant_1,CMP0076,Temperature Sensor,Supplier_C,2026-08-24,TEMP_DRIFT,Signal Drift,High,-9.9,Fail,Perform sensor calibration
INS1644,V0234,MODEL_C,Plant_2,CMP0179,Temperature Sensor,Supplier_C,2026-03-22,TEMP_INV,Invalid Reading,High,12.51,Fail,Replace or recalibrate sensor
INS1645,V0151,MODEL_A,Plant_1,CMP0244,Temperature Sensor,Supplier_A,2026-02-15,NO_SIG,No Signal,Medium,-1.67,Fail,Check wiring and connector
INS1646,V0139,MODEL_C,Plant_2,CMP0147,Battery,Supplier_A,2026-06-01,BAT_VOLT,Voltage Drop,High,28.77,Fail,Check battery voltage
INS1647,V0049,MODEL_C,Plant_3,CMP0171,Battery,Supplier_A,2026-07-27,BAT_VOLT,Voltage Drop,Low,37.6,Fail,Check battery voltage
INS1648,V0317,MODEL_B,Plant_2,CMP0254,Temperature Sensor,Supplier_C,2026-07-15,TEMP_INV,Invalid Reading,Medium,-8.5,Fail,Replace or recalibrate sensor
INS1649,V0377,MODEL_B,Plant_1,CMP0197,Brake Sensor,Supplier_B,2026-01-10,CAL_ERR,Calibration Error,High,44.65,Fail,Recalibrate sensor
INS1650,V0331,MODEL_B,Plant_2,CMP0207,Temperature Sensor,Supplier_B,2026-07-01,TEMP_INV,Invalid Reading,Low,53.84,Fail,Replace or recalibrate sensor
INS1651,V0294,MODEL_B,Plant_2,CMP0157,Battery,Supplier_B,2026-06-25,BAT_TEMP,Overheating,Low,77.19,Fail,Inspect cooling system
INS1652,V0384,MODEL_A,Plant_2,CMP0069,Temperature Sensor,Supplier_C,2026-07-30,TEMP_INV,Invalid Reading,Medium,57.38,Fail,Replace or recalibrate sensor
INS1653,V0228,MODEL_A,Plant_2,CMP0154,Brake Sensor,Supplier_B,2026-06-26,SIG_ERR,Signal Error,High,64.13,Fail,Inspect sensor connection
INS1654,V0350,MODEL_A,Plant_1,CMP0202,Temperature Sensor,Supplier_C,2026-08-16,NO_SIG,No Signal,Critical,17.69,Fail,Check wiring and connector
INS1655,V0189,MODEL_A,Plant_1,CMP0281,Battery,Supplier_B,2026-03-20,BAT_TEMP,Overheating,Low,43.28,Fail,Inspect cooling system
INS1656,V0441,MODEL_B,Plant_2,CMP0285,Brake Sensor,Supplier_B,2026-05-03,CAL_ERR,Calibration Error,Medium,12.68,Fail,Recalibrate sensor
INS1657,V0258,MODEL_C,Plant_2,CMP0057,Brake Sensor,Supplier_B,2026-04-05,CAL_ERR,Calibration Error,Low,9999.0,Fail,Recalibrate sensor
INS1658,V0116,MODEL_B,Plant_3,CMP0065,Brake Sensor,Supplier_A,2026-08-04,CAL_ERR,Calibration Error,Low,88.72,Fail,Recalibrate sensor
INS1659,V0061,MODEL_C,Plant_2,CMP0099,Brake Sensor,Supplier_A,2026-05-04,CAL_ERR,Calibration Error,Low,78.42,Fail,Recalibrate sensor
INS1660,V0045,MODEL_C,Plant_2,CMP0245,Temperature Sensor,Supplier_C,2026-01-31,NO_SIG,No Signal,Low,100.21,Fail,Check wiring and connector
INS1661,V0191,MODEL_A,Plant_1,CMP0193,Temperature Sensor,Supplier_C,2026-08-05,TEMP_DRIFT,Signal Drift,Medium,56.85,Fail,Perform sensor calibration
INS1662,V0446,MODEL_A,Plant_2,CMP0213,Brake Sensor,Supplier_A,2026-03-28,NO_SIG,No Signal,High,49.79,Fail,Check wiring and connector
INS1663,V0474,MODEL_A,Plant_2,CMP0266,Battery,Supplier_C,2026-06-27,BAT_VOLT,Voltage Drop,Low,57.99,Fail,Check battery voltage
INS1664,V0393,MODEL_A,Plant_3,CMP0035,Battery,Supplier_B,2026-05-15,BAT_TEMP,Overheating,High,38.22,Fail,Inspect cooling system
INS1665,V0030,MODEL_C,Plant_2,CMP0089,Battery,Supplier_B,2026-01-13,BAT_VOLT,Voltage Drop,High,25.67,Fail,Check battery voltage
INS1666,V0495,MODEL_A,Plant_2,CMP0277,Brake Sensor,Supplier_C,2026-07-05,CAL_ERR,Calibration Error,High,52.26,Fail,Recalibrate sensor
INS1667,V0040,MODEL_C,Plant_2,CMP0072,Battery,Supplier_A,2026-08-14,BAT_VOLT,Voltage Drop,Low,27.61,Fail,Check battery voltage
INS1668,V0423,MODEL_C,Plant_3,CMP0226,Battery,Supplier_C,2026-03-21,BAT_TEMP,Overheating,Medium,25.42,Fail,Inspect cooling system
INS1669,V0150,MODEL_B,Plant_1,CMP0246,Brake Sensor,Supplier_C,2026-06-06,CAL_ERR,Calibration Error,Medium,62.2,Fail,Recalibrate sensor
INS1670,V0202,MODEL_B,Plant_2,CMP0266,Brake Sensor,Supplier_A,2026-01-11,CAL_ERR,Calibration Error,High,72.62,Fail,Recalibrate sensor
INS1671,V0110,MODEL_B,Plant_3,CMP0180,Brake Sensor,Supplier_C,2026-02-28,CAL_ERR,Calibration Error,Medium,49.07,Fail,Recalibrate sensor
INS1672,V0486,MODEL_A,Plant_2,CMP0066,Temperature Sensor,Supplier_A,2026-06-24,TEMP_INV,Invalid Reading,High,12.56,Fail,Replace or recalibrate sensor
INS1673,V0265,MODEL_C,Plant_1,CMP0152,Brake Sensor,Supplier_C,2026-06-04,NO_SIG,No Signal,Medium,54.36,Fail,Check wiring and connector
INS1674,V0013,MODEL_B,Plant_2,CMP0167,Temperature Sensor,Supplier_C,2026-08-23,NO_SIG,No Signal,Medium,99.82,Fail,Check wiring and connector
INS1675,V0147,MODEL_C,Plant_3,CMP0154,Brake Sensor,Supplier_B,2026-08-26,NO_SIG,No Signal,Medium,89.64,Fail,Check wiring and connector
INS1676,V0257,MODEL_A,Plant_2,CMP0039,Temperature Sensor,Supplier_A,2026-06-07,TEMP_INV,Invalid Reading,High,114.88,Fail,Replace or recalibrate sensor
INS1677,V0304,MODEL_B,Plant_3,CMP0066,Brake Sensor,Supplier_C,2026-04-02,CAL_ERR,Calibration Error,Low,50.54,Fail,Recalibrate sensor
INS1678,V0021,MODEL_A,Plant_1,CMP0089,Battery,Supplier_C,2026-06-04,BAT_VOLT,Voltage Drop,High,27.99,Fail,Check battery voltage
INS1679,V0281,MODEL_C,Plant_1,CMP0087,Brake Sensor,,2026-06-05,SIG_ERR,Signal Error,Low,58.15,Fail,Inspect sensor connection
INS1680,V0194,MODEL_A,Plant_2,CMP0122,Battery,Supplier_C,2026-06-13,BAT_CELL,Cell Imbalance,Medium,58.86,Fail,Inspect battery cells
INS1681,V0028,MODEL_B,Plant_2,CMP0108,Temperature Sensor,Supplier_B,2026-08-07,NO_SIG,No Signal,High,44.06,Fail,Check wiring and connector
INS1682,V0064,MODEL_C,Plant_1,CMP0208,Battery,Supplier_A,2026-05-25,BAT_VOLT,Voltage Drop,High,61.4,Fail,Check battery voltage
INS1683,V0461,MODEL_A,Plant_2,CMP0014,Brake Sensor,,2026-02-02,SIG_ERR,Signal Error,Low,76.33,Fail,Inspect sensor connection
INS1684,V0070,MODEL_C,Plant_1,CMP0241,Battery,Supplier_B,2026-03-24,BAT_TEMP,Overheating,Medium,52.67,Fail,Inspect cooling system
INS1685,V0105,MODEL_A,Plant_1,CMP0175,Temperature Sensor,Supplier_A,2026-04-12,TEMP_DRIFT,Signal Drift,Medium,13.77,Fail,Perform sensor calibration
INS1686,V0322,MODEL_A,Plant_3,CMP0154,Temperature Sensor,Supplier_C,2026-06-24,NO_SIG,No Signal,Low,90.28,Fail,Check wiring and connector
INS1687,V0278,MODEL_B,Plant_3,CMP0229,Battery,Supplier_C,2026-08-08,BAT_TEMP,Overheating,High,59.31,Fail,Inspect cooling system
INS1688,V0195,MODEL_C,Plant_2,CMP0079,Battery,Supplier_C,2026-04-14,BAT_CELL,Cell Imbalance,Medium,66.17,Fail,Inspect battery cells
INS1689,V0388,MODEL_A,Plant_2,CMP0207,Temperature Sensor,Supplier_A,2026-06-18,TEMP_DRIFT,Signal Drift,High,25.44,Fail,Perform sensor calibration
INS1690,V0382,MODEL_A,Plant_1,CMP0106,Temperature Sensor,Supplier_C,2026-05-07,TEMP_INV,Invalid Reading,High,51.16,Fail,Replace or recalibrate sensor
INS1691,V0140,MODEL_B,Plant_1,CMP0053,Battery,Supplier_A,2026-04-21,BAT_CELL,Cell Imbalance,High,30.98,Fail,Inspect battery cells
INS1692,V0277,MODEL_B,Plant_3,CMP0013,Temperature Sensor,Supplier_A,2026-04-07,NO_SIG,No Signal,Low,99.17,Fail,Check wiring and connector
INS1693,V0351,MODEL_A,Plant_3,CMP0255,Brake Sensor,Supplier_B,2026-03-10,SIG_ERR,Signal Error,High,29.19,Fail,Inspect sensor connection
INS1694,V0176,MODEL_A,Plant_2,CMP0025,Brake Sensor,Supplier_A,2026-08-08,CAL_ERR,Calibration Error,Low,80.11,Fail,Recalibrate sensor
INS1695,V0499,MODEL_A,Plant_2,CMP0247,Brake Sensor,Supplier_B,2026-02-23,CAL_ERR,Calibration Error,Medium,67.83,Fail,Recalibrate sensor
INS1696,V0284,MODEL_B,Plant_1,CMP0227,Battery,Supplier_B,2026-03-08,BAT_CELL,Cell Imbalance,Low,46.23,Fail,Inspect battery cells
INS1697,V0098,MODEL_A,Plant_1,CMP0101,Temperature Sensor,Supplier_B,2026-04-19,TEMP_INV,Invalid Reading,Low,79.01,Fail,Replace or recalibrate sensor
INS1698,V0001,MODEL_B,Plant_2,CMP0262,Battery,Supplier_B,2026-06-25,BAT_VOLT,Voltage Drop,Low,33.43,Fail,Check battery voltage
INS1699,V0444,MODEL_A,Plant_1,CMP0116,Temperature Sensor,Supplier_A,2026-05-14,TEMP_DRIFT,Signal Drift,High,50.64,Fail,Perform sensor calibration
INS1700,V0477,MODEL_B,Plant_2,CMP0051,Temperature Sensor,,2026-07-23,TEMP_INV,Invalid Reading,High,68.16,Fail,Replace or recalibrate sensor
INS1701,V0216,MODEL_B,Plant_3,CMP0289,Temperature Sensor,Supplier_B,2026-03-20,TEMP_INV,Invalid Reading,Low,53.11,Fail,Replace or recalibrate sensor
INS1702,V0345,MODEL_A,Plant_2,CMP0166,Temperature Sensor,Supplier_B,2026-02-09,NO_SIG,No Signal,Medium,105.08,Fail,Check wiring and connector
INS1703,V0243,MODEL_C,Plant_3,CMP0201,Battery,Supplier_A,2026-08-12,BAT_CELL,Cell Imbalance,High,63.07,Fail,Inspect battery cells
INS1704,V0199,MODEL_B,Plant_3,CMP0073,Brake Sensor,Supplier_C,2026-03-12,SIG_ERR,Signal Error,Medium,78.85,Fail,Inspect sensor connection
INS1705,V0120,MODEL_B,Plant_3,CMP0145,Brake Sensor,Supplier_A,2026-01-28,NO_SIG,No Signal,High,14.21,Fail,Check wiring and connector
INS1706,V0203,MODEL_A,Plant_2,CMP0035,Battery,Supplier_C,2026-05-27,BAT_CELL,Cell Imbalance,Low,64.0,Fail,Inspect battery cells
INS1707,V0081,MODEL_C,Plant_1,CMP0039,Brake Sensor,Supplier_A,2026-01-28,CAL_ERR,Calibration Error,High,53.79,Fail,Recalibrate sensor
INS1708,V0462,MODEL_C,Plant_1,CMP0255,Temperature Sensor,Supplier_C,2026-02-08,TEMP_INV,Invalid Reading,High,77.72,Fail,Replace or recalibrate sensor
INS1709,V0313,MODEL_A,Plant_3,CMP0009,Temperature Sensor,Supplier_A,2026-07-18,NO_SIG,No Signal,Medium,83.74,Fail,Check wiring and connector
INS1710,V0308,MODEL_A,Plant_2,CMP0063,Temperature Sensor,Supplier_A,2026-05-29,TEMP_DRIFT,Signal Drift,Low,49.53,Fail,Perform sensor calibration
INS1711,V0117,MODEL_C,Plant_1,CMP0001,Brake Sensor,Supplier_A,2026-07-30,CAL_ERR,Calibration Error,Medium,99.28,Fail,Recalibrate sensor
INS1712,V0400,MODEL_C,Plant_1,CMP0277,Brake Sensor,Supplier_A,2026-08-11,CAL_ERR,Calibration Error,High,90.38,Fail,Recalibrate sensor
INS1713,V0451,MODEL_A,Plant_2,CMP0194,Brake Sensor,Supplier_B,2026-08-29,CAL_ERR,Calibration Error,Medium,34.04,Fail,Recalibrate sensor
INS1714,V0362,MODEL_C,Plant_1,CMP0226,Brake Sensor,Supplier_C,2026-06-11,SIG_ERR,Signal Error,Medium,84.3,Fail,Inspect sensor connection
INS1715,V0269,MODEL_B,Plant_1,CMP0238,Battery,Supplier_B,2026-03-12,BAT_TEMP,Overheating,High,52.94,Fail,Inspect cooling system
INS1716,V0219,MODEL_B,Plant_3,CMP0144,Brake Sensor,Supplier_A,2026-04-25,NO_SIG,No Signal,Low,98.66,Fail,Check wiring and connector
INS1717,V0228,MODEL_B,Plant_2,CMP0209,Battery,Supplier_A,2026-03-03,BAT_TEMP,Overheating,High,45.71,Fail,Inspect cooling system
INS1718,V0004,MODEL_C,Plant_1,CMP0074,Brake Sensor,Supplier_C,2026-02-17,NO_SIG,No Signal,Medium,0.11,Fail,Check wiring and connector
INS1719,V0155,MODEL_B,Plant_2,CMP0167,Temperature Sensor,Supplier_A,2026-06-08,NO_SIG,No Signal,Low,46.09,Fail,Check wiring and connector
INS1720,V0037,MODEL_A,Plant_1,CMP0281,Battery,Supplier_A,2026-02-09,BAT_CELL,Cell Imbalance,Medium,58.22,Fail,Inspect battery cells
INS1721,V0314,MODEL_C,Plant_3,CMP0019,Temperature Sensor,Supplier_C,2026-07-18,NO_SIG,No Signal,High,24.06,Fail,Check wiring and connector
INS1722,V0065,MODEL_C,Plant_1,CMP0122,Battery,Supplier_A,2026-08-24,BAT_VOLT,Voltage Drop,Low,71.88,Fail,Check battery voltage
INS1723,V0326,MODEL_C,Plant_1,CMP0176,Battery,Supplier_A,2026-08-05,BAT_VOLT,Voltage Drop,Medium,35.57,Fail,Check battery voltage
INS1724,V0136,MODEL_C,Plant_1,CMP0047,Temperature Sensor,Supplier_C,2026-07-15,TEMP_INV,Invalid Reading,Low,8.79,Fail,Replace or recalibrate sensor
INS1725,V0207,MODEL_C,Plant_2,CMP0137,Temperature Sensor,Supplier_B,2026-02-07,TEMP_INV,Invalid Reading,High,-16.74,Fail,Replace or recalibrate sensor
INS1726,V0014,MODEL_C,Plant_3,CMP0164,Temperature Sensor,Supplier_C,2026-03-01,TEMP_INV,Invalid Reading,Medium,-4.68,Fail,Replace or recalibrate sensor
INS1727,V0091,MODEL_B,Plant_1,CMP0234,Battery,Supplier_B,2026-06-14,BAT_TEMP,Overheating,High,59.99,Fail,Inspect cooling system
INS1728,V0436,MODEL_A,Plant_3,CMP0077,Brake Sensor,Supplier_A,2026-01-12,CAL_ERR,Calibration Error,High,11.53,Fail,Recalibrate sensor
INS1729,V0482,MODEL_C,Plant_2,CMP0044,Temperature Sensor,,2026-03-27,TEMP_DRIFT,Signal Drift,Medium,-8.58,Fail,Perform sensor calibration
INS1730,V0078,MODEL_B,Plant_1,CMP0118,Battery,Supplier_B,2026-05-18,BAT_TEMP,Overheating,Low,36.06,Fail,Inspect cooling system
INS1731,V0048,MODEL_A,Plant_2,CMP0242,Brake Sensor,Supplier_C,2026-06-06,CAL_ERR,Calibration Error,High,71.26,Fail,Recalibrate sensor
INS1732,V0128,MODEL_C,Plant_3,CMP0209,Temperature Sensor,Supplier_B,2026-08-17,NO_SIG,No Signal,Low,78.42,Fail,Check wiring and connector
INS1733,V0002,MODEL_B,Plant_2,CMP0057,Brake Sensor,Supplier_B,2026-01-27,NO_SIG,No Signal,Low,99.74,Fail,Check wiring and connector
INS1734,V0413,MODEL_B,Plant_3,CMP0070,Brake Sensor,Supplier_A,2026-01-18,CAL_ERR,Calibration Error,High,97.38,Fail,Recalibrate sensor
INS1735,V0441,MODEL_C,Plant_3,CMP0276,Temperature Sensor,Supplier_A,2026-01-16,NO_SIG,No Signal,Low,73.35,Fail,Check wiring and connector
INS1736,V0461,MODEL_C,Plant_1,CMP0228,Brake Sensor,Supplier_B,2026-07-11,SIG_ERR,Signal Error,Medium,48.02,Fail,Inspect sensor connection
INS1737,V0486,MODEL_A,Plant_3,CMP0137,Battery,Supplier_A,2026-07-01,BAT_TEMP,Overheating,High,23.74,Fail,Inspect cooling system
INS1738,V0216,MODEL_C,Plant_1,CMP0262,Battery,Supplier_A,2026-08-25,BAT_CELL,Cell Imbalance,Low,55.01,Fail,Inspect battery cells
INS1739,V0098,MODEL_A,Plant_3,CMP0200,Brake Sensor,Supplier_C,2026-06-26,CAL_ERR,Calibration Error,High,59.85,Fail,Recalibrate sensor
INS1740,V0025,MODEL_C,Plant_3,CMP0266,Temperature Sensor,Supplier_B,2026-07-25,TEMP_INV,Invalid Reading,High,73.58,Fail,Replace or recalibrate sensor
INS1741,V0005,MODEL_A,Plant_3,CMP0195,Brake Sensor,Supplier_B,2026-04-04,NO_SIG,No Signal,Medium,2.09,Fail,Check wiring and connector
INS1742,V0459,MODEL_A,Plant_1,CMP0157,Temperature Sensor,Supplier_B,2026-01-06,TEMP_DRIFT,Signal Drift,High,-6.46,Fail,Perform sensor calibration
INS1743,V0418,MODEL_C,Plant_1,CMP0082,Battery,Supplier_B,2026-06-20,BAT_TEMP,Overheating,Medium,69.69,Fail,Inspect cooling system
INS1744,V0122,MODEL_B,Plant_1,CMP0202,Brake Sensor,Supplier_C,2026-06-06,NO_SIG,No Signal,Medium,46.94,Fail,Check wiring and connector
INS1745,V0447,MODEL_B,Plant_1,CMP0243,Brake Sensor,Supplier_C,2026-08-02,NO_SIG,No Signal,Critical,57.61,Fail,Check wiring and connector
INS1746,V0115,MODEL_B,Plant_1,CMP0171,Brake Sensor,Supplier_A,2026-07-19,CAL_ERR,Calibration Error,Low,43.74,Fail,Recalibrate sensor
INS1747,V0392,MODEL_A,Plant_1,CMP0287,Temperature Sensor,Supplier_B,2026-05-05,NO_SIG,No Signal,Low,44.27,Fail,Check wiring and connector
INS1748,V0053,MODEL_C,Plant_3,CMP0116,Temperature Sensor,Supplier_B,2026-05-28,TEMP_INV,Invalid Reading,Low,4.47,Fail,Replace or recalibrate sensor
INS1749,V0477,MODEL_A,Plant_1,CMP0295,Battery,Supplier_B,2026-03-17,BAT_VOLT,Voltage Drop,Low,77.53,Fail,Check battery voltage
INS1750,V0054,MODEL_C,Plant_1,CMP0050,Brake Sensor,Supplier_B,2026-07-01,NO_SIG,No Signal,Medium,49.72,Fail,Check wiring and connector
INS1751,V0047,MODEL_C,Plant_3,CMP0239,Brake Sensor,Supplier_B,2026-08-29,NO_SIG,No Signal,Medium,2.43,Fail,Check wiring and connector
INS1752,V0049,MODEL_C,Plant_3,CMP0090,Brake Sensor,Supplier_A,2026-01-18,NO_SIG,No Signal,Medium,20.59,Fail,Check wiring and connector
INS1753,V0460,MODEL_C,Plant_1,CMP0147,Battery,Supplier_A,2026-05-26,BAT_CELL,Cell Imbalance,Low,33.25,Fail,Inspect battery cells
INS1754,V0350,MODEL_C,Plant_2,CMP0089,Temperature Sensor,Supplier_A,2026-06-25,TEMP_DRIFT,Signal Drift,Medium,58.81,Fail,Perform sensor calibration
INS1755,V0375,MODEL_A,Plant_1,CMP0090,Brake Sensor,Supplier_B,2026-01-31,SIG_ERR,Signal Error,Low,36.88,Fail,Inspect sensor connection
INS1756,V0263,MODEL_B,Plant_1,CMP0233,Brake Sensor,Supplier_B,2026-02-02,NO_SIG,No Signal,High,73.48,Fail,Check wiring and connector
INS1757,V0118,MODEL_C,Plant_3,CMP0132,Brake Sensor,Supplier_C,2026-06-10,CAL_ERR,Calibration Error,High,85.45,Fail,Recalibrate sensor
INS1758,V0078,MODEL_B,Plant_3,CMP0173,Battery,Supplier_B,2026-04-14,BAT_TEMP,Overheating,High,56.9,Fail,Inspect cooling system
INS1759,V0211,MODEL_A,Plant_3,CMP0106,Battery,Supplier_A,2026-05-31,BAT_CELL,Cell Imbalance,High,70.03,Fail,Inspect battery cells
INS1760,V0273,MODEL_B,Plant_3,CMP0131,Battery,Supplier_A,2026-03-05,BAT_TEMP,Overheating,Low,27.51,Fail,Inspect cooling system
INS1761,V0189,MODEL_B,Plant_3,CMP0081,Battery,Supplier_C,2026-02-17,BAT_CELL,Cell Imbalance,High,35.74,Fail,Inspect battery cells
INS1762,V0262,MODEL_A,Plant_3,CMP0188,Temperature Sensor,Supplier_B,2026-06-24,TEMP_DRIFT,Signal Drift,Low,1.5,Fail,Perform sensor calibration
INS1763,V0339,MODEL_C,Plant_3,CMP0069,Temperature Sensor,Supplier_B,2026-02-25,TEMP_DRIFT,Signal Drift,Low,21.26,Fail,Perform sensor calibration
INS1764,V0330,MODEL_C,Plant_1,CMP0264,Battery,Supplier_B,2026-08-13,BAT_VOLT,Voltage Drop,High,74.75,Fail,Check battery voltage
INS1765,V0008,MODEL_B,Plant_3,CMP0204,Battery,Supplier_A,2026-07-04,BAT_VOLT,Voltage Drop,Low,9999.0,Fail,Check battery voltage
INS1766,V0199,MODEL_A,Plant_2,CMP0030,Brake Sensor,Supplier_B,2026-02-02,CAL_ERR,Calibration Error,High,38.5,Fail,Recalibrate sensor
INS1767,V0389,MODEL_A,Plant_2,CMP0238,Temperature Sensor,Supplier_B,2026-06-20,TEMP_DRIFT,Signal Drift,High,16.3,Fail,Perform sensor calibration
INS1768,V0288,MODEL_C,Plant_2,CMP0023,Battery,Supplier_C,2026-08-02,BAT_CELL,Cell Imbalance,Low,33.86,Fail,Inspect battery cells
INS1769,V0144,MODEL_C,Plant_2,CMP0004,Battery,Supplier_B,2026-06-10,BAT_TEMP,Overheating,High,72.58,Fail,Inspect cooling system
INS1770,V0351,MODEL_B,Plant_3,CMP0057,Temperature Sensor,Supplier_A,2026-08-08,NO_SIG,No Signal,Low,66.8,Fail,Check wiring and connector
INS1771,V0041,MODEL_C,Plant_1,CMP0229,Temperature Sensor,Supplier_B,2026-02-02,NO_SIG,No Signal,Low,39.88,Fail,Check wiring and connector
INS1772,V0056,MODEL_A,Plant_3,CMP0004,Temperature Sensor,Supplier_B,2026-05-11,TEMP_INV,Invalid Reading,Low,52.42,Fail,Replace or recalibrate sensor
INS1773,V0219,MODEL_C,Plant_3,CMP0153,Battery,Supplier_B,2026-06-03,BAT_TEMP,Overheating,Medium,56.83,Fail,Inspect cooling system
INS1774,V0132,MODEL_A,Plant_3,CMP0164,Temperature Sensor,Supplier_C,2026-04-04,TEMP_INV,Invalid Reading,Medium,58.87,Fail,Replace or recalibrate sensor
INS1775,V0186,MODEL_B,Plant_2,CMP0200,Brake Sensor,Supplier_A,2026-01-24,NO_SIG,No Signal,Medium,70.73,Fail,Check wiring and connector
INS1776,V0049,MODEL_A,Plant_3,CMP0057,Battery,Supplier_B,2026-04-22,BAT_TEMP,Overheating,Low,61.32,Fail,Inspect cooling system
INS1777,V0099,MODEL_A,Plant_2,CMP0033,Temperature Sensor,Supplier_B,2026-06-18,TEMP_INV,Invalid Reading,Medium,-2.02,Fail,Replace or recalibrate sensor
INS1778,V0132,MODEL_C,Plant_1,CMP0169,Battery,Supplier_C,2026-06-07,BAT_CELL,Cell Imbalance,Medium,23.55,Fail,Inspect battery cells
INS1779,V0497,MODEL_B,Plant_2,CMP0258,Temperature Sensor,Supplier_B,2026-08-23,TEMP_DRIFT,Signal Drift,High,30.75,Fail,Perform sensor calibration
INS1780,V0153,MODEL_C,Plant_1,CMP0252,Temperature Sensor,Supplier_A,2026-03-02,TEMP_DRIFT,Signal Drift,Low,-13.91,Fail,Perform sensor calibration
INS1781,V0336,MODEL_C,Plant_3,CMP0089,Brake Sensor,Supplier_B,2026-02-21,SIG_ERR,Signal Error,Low,56.28,Fail,Inspect sensor connection
INS1782,V0100,MODEL_C,Plant_3,CMP0186,Battery,Supplier_B,2026-08-22,BAT_TEMP,Overheating,High,54.98,Fail,Inspect cooling system
INS1783,V0097,MODEL_C,Plant_3,CMP0013,Battery,Supplier_A,2026-05-09,BAT_CELL,Cell Imbalance,Low,79.89,Fail,Inspect battery cells
INS1784,V0294,MODEL_B,Plant_3,CMP0001,Brake Sensor,Supplier_A,2026-07-01,SIG_ERR,Signal Error,High,70.55,Fail,Inspect sensor connection
INS1785,V0218,MODEL_A,Plant_2,CMP0201,Temperature Sensor,Supplier_A,2026-05-18,TEMP_INV,Invalid Reading,Low,19.08,Fail,Replace or recalibrate sensor
INS1786,V0214,MODEL_A,Plant_2,CMP0262,Temperature Sensor,Supplier_B,2026-01-12,NO_SIG,No Signal,Medium,106.88,Fail,Check wiring and connector
INS1787,V0481,MODEL_A,Plant_2,CMP0112,Brake Sensor,Supplier_C,2026-01-08,NO_SIG,No Signal,Medium,72.66,Fail,Check wiring and connector
INS1788,V0045,MODEL_A,Plant_1,CMP0291,Brake Sensor,Supplier_B,2026-02-16,CAL_ERR,Calibration Error,Medium,9.78,Fail,Recalibrate sensor
INS1789,V0041,MODEL_B,Plant_1,CMP0098,Battery,Supplier_A,2026-04-05,BAT_TEMP,Overheating,Low,62.08,Fail,Inspect cooling system
INS1790,V0138,MODEL_B,Plant_1,CMP0020,Battery,Supplier_C,2026-04-09,BAT_VOLT,Voltage Drop,Medium,50.72,Fail,Check battery voltage
INS1791,V0101,MODEL_A,Plant_3,CMP0143,Temperature Sensor,Supplier_B,2026-01-02,TEMP_DRIFT,Signal Drift,High,117.08,Fail,Perform sensor calibration
INS1792,V0065,MODEL_C,Plant_3,CMP0288,Brake Sensor,Supplier_A,2026-01-31,SIG_ERR,Signal Error,High,47.59,Fail,Inspect sensor connection
INS1793,V0331,MODEL_A,Plant_3,CMP0231,Brake Sensor,Supplier_A,2026-04-16,CAL_ERR,Calibration Error,Medium,43.02,Fail,Recalibrate sensor
INS1794,V0373,MODEL_A,Plant_1,CMP0068,Temperature Sensor,Supplier_A,2026-04-09,NO_SIG,No Signal,Low,-16.66,Fail,Check wiring and connector
INS1795,V0374,MODEL_C,Plant_2,CMP0229,Brake Sensor,Supplier_C,2026-02-24,NO_SIG,No Signal,High,51.61,Fail,Check wiring and connector
INS1796,V0477,MODEL_A,Plant_1,CMP0263,Temperature Sensor,Supplier_A,2026-07-12,NO_SIG,No Signal,Medium,8.11,Fail,Check wiring and connector
INS1797,V0136,MODEL_A,Plant_1,CMP0152,Temperature Sensor,Supplier_A,2026-08-17,TEMP_INV,Invalid Reading,Medium,91.66,Fail,Replace or recalibrate sensor
INS1798,V0183,MODEL_A,Plant_3,CMP0190,Temperature Sensor,Supplier_B,2026-08-26,NO_SIG,No Signal,Low,38.67,Fail,Check wiring and connector
INS1799,V0179,MODEL_C,Plant_2,CMP0036,Brake Sensor,Supplier_A,2026-04-29,CAL_ERR,Calibration Error,High,64.23,Fail,Recalibrate sensor
INS1800,V0362,MODEL_A,Plant_2,CMP0113,Temperature Sensor,Supplier_C,2026-07-20,TEMP_INV,Invalid Reading,High,26.12,Fail,Replace or recalibrate sensor
INS1801,V0378,MODEL_C,Plant_3,CMP0014,Temperature Sensor,Supplier_A,2026-05-29,TEMP_INV,Invalid Reading,Medium,-19.88,Fail,Replace or recalibrate sensor
INS1802,V0052,MODEL_B,Plant_2,CMP0110,Temperature Sensor,Supplier_A,2026-01-25,TEMP_DRIFT,Signal Drift,High,2.05,Fail,Perform sensor calibration
INS1803,V0243,MODEL_B,Plant_3,CMP0195,Temperature Sensor,Supplier_B,2026-04-19,TEMP_INV,Invalid Reading,Medium,38.76,Fail,Replace or recalibrate sensor
INS1804,V0177,MODEL_A,Plant_2,CMP0121,Temperature Sensor,Supplier_C,2026-06-16,NO_SIG,No Signal,Low,99.89,Fail,Check wiring and connector
INS1805,V0205,MODEL_B,Plant_1,CMP0093,Brake Sensor,Supplier_A,2026-06-09,SIG_ERR,Signal Error,Low,37.69,Fail,Inspect sensor connection
INS1806,V0208,MODEL_A,Plant_1,CMP0074,Battery,Supplier_A,2026-01-12,BAT_CELL,Cell Imbalance,Medium,69.63,Fail,Inspect battery cells
INS1807,V0197,MODEL_C,Plant_2,CMP0241,Temperature Sensor,Supplier_C,2026-02-09,NO_SIG,No Signal,Low,109.62,Fail,Check wiring and connector
INS1808,V0195,MODEL_B,Plant_3,CMP0194,Brake Sensor,Supplier_C,2026-01-14,CAL_ERR,Calibration Error,Medium,83.63,Fail,Recalibrate sensor
INS1809,V0362,MODEL_B,Plant_1,CMP0232,Temperature Sensor,Supplier_C,2026-01-19,TEMP_INV,Invalid Reading,Medium,109.15,Fail,Replace or recalibrate sensor
INS1810,V0493,MODEL_B,Plant_1,CMP0107,Battery,Supplier_C,2026-02-14,BAT_VOLT,Voltage Drop,Low,54.8,Fail,Check battery voltage
INS1811,V0251,MODEL_B,Plant_2,CMP0257,Temperature Sensor,Supplier_B,2026-05-07,TEMP_INV,Invalid Reading,Medium,100.71,Fail,Replace or recalibrate sensor
INS1812,V0419,MODEL_A,Plant_3,CMP0006,Brake Sensor,Supplier_A,2026-04-13,CAL_ERR,Calibration Error,Medium,87.23,Fail,Recalibrate sensor
INS1813,V0203,MODEL_A,Plant_2,CMP0209,Brake Sensor,Supplier_C,2026-03-16,CAL_ERR,Calibration Error,Low,51.22,Fail,Recalibrate sensor
INS1814,V0454,MODEL_C,Plant_1,CMP0070,Temperature Sensor,,2026-06-24,NO_SIG,No Signal,High,87.67,Fail,Check wiring and connector
INS1815,V0217,MODEL_B,Plant_2,CMP0281,Brake Sensor,Supplier_A,2026-05-24,NO_SIG,No Signal,Low,99.83,Fail,Check wiring and connector
INS1816,V0413,MODEL_C,Plant_1,CMP0003,Temperature Sensor,Supplier_B,2026-01-22,NO_SIG,No Signal,High,113.95,Fail,Check wiring and connector
INS1817,V0420,MODEL_C,Plant_3,CMP0182,Battery,Supplier_A,2026-05-23,BAT_TEMP,Overheating,High,39.62,Fail,Inspect cooling system
INS1818,V0270,MODEL_A,Plant_1,CMP0240,Brake Sensor,Supplier_C,2026-02-09,SIG_ERR,Signal Error,High,74.16,Fail,Inspect sensor connection
INS1819,V0407,MODEL_A,Plant_1,CMP0239,Temperature Sensor,Supplier_C,2026-02-23,TEMP_DRIFT,Signal Drift,Low,29.12,Fail,Perform sensor calibration
INS1820,V0367,MODEL_C,Plant_1,CMP0226,Brake Sensor,Supplier_A,2026-04-08,CAL_ERR,Calibration Error,Medium,73.2,Fail,Recalibrate sensor
INS1821,V0358,MODEL_C,Plant_3,CMP0080,Brake Sensor,Supplier_B,2026-06-05,NO_SIG,No Signal,Low,4.86,Fail,Check wiring and connector
INS1822,V0301,MODEL_B,Plant_2,CMP0144,Brake Sensor,,2026-02-02,CAL_ERR,Calibration Error,High,6.08,Fail,Recalibrate sensor
INS1823,V0037,MODEL_C,Plant_3,CMP0219,Brake Sensor,Supplier_A,2026-01-21,CAL_ERR,Calibration Error,High,5.72,Fail,Recalibrate sensor
INS1824,V0485,MODEL_A,Plant_1,CMP0216,Brake Sensor,Supplier_A,2026-03-09,SIG_ERR,Signal Error,Low,28.96,Fail,Inspect sensor connection
INS1825,V0050,MODEL_A,Plant_1,CMP0240,Brake Sensor,Supplier_A,2026-02-05,NO_SIG,No Signal,High,34.52,Fail,Check wiring and connector
INS1826,V0246,MODEL_A,Plant_1,CMP0091,Temperature Sensor,Supplier_B,2026-08-09,NO_SIG,No Signal,High,78.88,Fail,Check wiring and connector
INS1827,V0270,MODEL_B,Plant_3,CMP0084,Battery,Supplier_B,2026-04-07,BAT_TEMP,Overheating,High,43.73,Fail,Inspect cooling system
INS1828,V0021,MODEL_C,Plant_2,CMP0132,Brake Sensor,Supplier_C,2026-04-04,CAL_ERR,Calibration Error,Low,31.24,Fail,Recalibrate sensor
INS1829,V0379,MODEL_C,Plant_2,CMP0250,Battery,Supplier_A,2026-03-05,BAT_CELL,Cell Imbalance,Medium,67.17,Fail,Inspect battery cells
INS1830,V0004,MODEL_A,Plant_2,CMP0297,Brake Sensor,Supplier_C,2026-07-02,SIG_ERR,Signal Error,High,9999.0,Fail,Inspect sensor connection
INS1831,V0469,MODEL_C,Plant_3,CMP0154,Brake Sensor,Supplier_A,2026-05-01,NO_SIG,No Signal,Low,12.79,Fail,Check wiring and connector
INS1832,V0179,MODEL_C,Plant_2,CMP0177,Temperature Sensor,Supplier_C,2026-03-07,TEMP_INV,Invalid Reading,Medium,65.56,Fail,Replace or recalibrate sensor
INS1833,V0461,MODEL_C,Plant_1,CMP0286,Temperature Sensor,Supplier_C,2026-04-16,NO_SIG,No Signal,Low,47.45,Fail,Check wiring and connector
INS1834,V0445,MODEL_A,Plant_2,CMP0043,Temperature Sensor,Supplier_A,2026-03-02,NO_SIG,No Signal,High,119.38,Fail,Check wiring and connector
INS1835,V0409,MODEL_A,Plant_2,CMP0282,Battery,Supplier_A,2026-03-06,BAT_CELL,Cell Imbalance,High,20.32,Fail,Inspect battery cells
INS1836,V0048,MODEL_C,Plant_3,CMP0153,Brake Sensor,Supplier_A,2026-03-12,SIG_ERR,Signal Error,Low,22.42,Fail,Inspect sensor connection
INS1837,V0099,MODEL_C,Plant_1,CMP0009,Brake Sensor,Supplier_C,2026-07-17,NO_SIG,No Signal,Low,24.86,Fail,Check wiring and connector
INS1838,V0410,MODEL_C,Plant_1,CMP0125,Battery,Supplier_A,2026-02-19,BAT_TEMP,Overheating,High,57.92,Fail,Inspect cooling system
INS1839,V0239,MODEL_B,Plant_3,CMP0299,Brake Sensor,Supplier_C,2026-06-03,SIG_ERR,Signal Error,High,28.14,Fail,Inspect sensor connection
INS1840,V0159,MODEL_A,Plant_1,CMP0071,Brake Sensor,Supplier_C,2026-03-29,SIG_ERR,Signal Error,High,75.89,Fail,Inspect sensor connection
INS1841,V0264,MODEL_A,Plant_2,CMP0195,Battery,Supplier_C,2026-06-19,BAT_CELL,Cell Imbalance,Medium,79.93,Fail,Inspect battery cells
INS1842,V0247,MODEL_A,Plant_1,CMP0223,Battery,Supplier_C,2026-04-16,BAT_CELL,Cell Imbalance,Low,73.92,Fail,Inspect battery cells
INS1843,V0112,MODEL_A,Plant_3,CMP0019,Brake Sensor,Supplier_A,2026-01-10,NO_SIG,No Signal,High,73.44,Fail,Check wiring and connector
INS1844,V0469,MODEL_C,Plant_1,CMP0187,Temperature Sensor,Supplier_A,2026-03-03,NO_SIG,No Signal,Medium,34.82,Fail,Check wiring and connector
INS1845,V0356,MODEL_A,Plant_3,CMP0070,Brake Sensor,Supplier_B,2026-02-25,NO_SIG,No Signal,High,64.99,Fail,Check wiring and connector
INS1846,V0244,MODEL_A,Plant_2,CMP0137,Temperature Sensor,Supplier_A,2026-01-15,TEMP_DRIFT,Signal Drift,Low,113.79,Fail,Perform sensor calibration
INS1847,V0299,MODEL_B,Plant_1,CMP0097,Brake Sensor,Supplier_B,2026-05-03,SIG_ERR,Signal Error,High,40.82,Fail,Inspect sensor connection
INS1848,V0242,MODEL_B,Plant_1,CMP0052,Brake Sensor,Supplier_C,2026-01-31,CAL_ERR,Calibration Error,Low,86.29,Fail,Recalibrate sensor
INS1849,V0493,MODEL_A,Plant_3,CMP0042,Brake Sensor,Supplier_B,2026-01-10,SIG_ERR,Signal Error,High,8.46,Fail,Inspect sensor connection
INS1850,V0051,MODEL_C,Plant_2,CMP0260,Brake Sensor,Supplier_A,2026-04-28,SIG_ERR,Signal Error,Medium,82.29,Fail,Inspect sensor connection
INS1851,V0292,MODEL_B,Plant_1,CMP0282,Brake Sensor,Supplier_A,2026-06-23,SIG_ERR,Signal Error,High,85.14,Fail,Inspect sensor connection
INS1852,V0117,MODEL_A,Plant_2,CMP0001,Brake Sensor,Supplier_A,2026-02-14,SIG_ERR,Signal Error,High,45.84,Fail,Inspect sensor connection
INS1853,V0245,MODEL_B,Plant_1,CMP0117,Brake Sensor,Supplier_C,2026-03-27,NO_SIG,No Signal,Medium,51.67,Fail,Check wiring and connector
INS1854,V0202,MODEL_A,Plant_1,CMP0267,Battery,Supplier_B,2026-04-16,BAT_TEMP,Overheating,High,64.42,Fail,Inspect cooling system
INS1855,V0369,MODEL_B,Plant_3,CMP0039,Battery,Supplier_C,2026-01-06,BAT_TEMP,Overheating,Medium,27.32,Fail,Inspect cooling system
INS1856,V0041,MODEL_A,Plant_1,CMP0269,Brake Sensor,Supplier_A,2026-07-19,SIG_ERR,Signal Error,Low,58.3,Fail,Inspect sensor connection
INS1857,V0491,MODEL_B,Plant_3,CMP0129,Temperature Sensor,Supplier_A,2026-01-29,NO_SIG,No Signal,Medium,87.99,Fail,Check wiring and connector
INS1858,V0044,MODEL_C,Plant_3,CMP0002,Temperature Sensor,Supplier_C,2026-08-06,TEMP_INV,Invalid Reading,Medium,93.64,Fail,Replace or recalibrate sensor
INS1859,V0330,MODEL_B,Plant_2,CMP0024,Temperature Sensor,Supplier_A,2026-08-08,TEMP_DRIFT,Signal Drift,Medium,9999.0,Fail,Perform sensor calibration
INS1860,V0386,MODEL_C,Plant_2,CMP0082,Battery,Supplier_A,2026-01-27,BAT_CELL,Cell Imbalance,High,21.62,Fail,Inspect battery cells
INS1861,V0324,MODEL_B,Plant_1,CMP0066,Battery,Supplier_B,2026-06-10,BAT_TEMP,Overheating,Low,62.1,Fail,Inspect cooling system
INS1862,V0447,MODEL_A,Plant_2,CMP0089,Battery,Supplier_B,2026-05-07,BAT_TEMP,Overheating,Low,64.54,Fail,Inspect cooling system
INS1863,V0398,MODEL_B,Plant_2,CMP0069,Brake Sensor,Supplier_A,2026-08-17,NO_SIG,No Signal,Low,82.57,Fail,Check wiring and connector
INS1864,V0173,MODEL_C,Plant_2,CMP0078,Brake Sensor,Supplier_C,2026-01-18,CAL_ERR,Calibration Error,Low,35.37,Fail,Recalibrate sensor
INS1865,V0422,MODEL_B,Plant_2,CMP0099,Brake Sensor,Supplier_A,2026-07-11,NO_SIG,No Signal,Low,76.8,Fail,Check wiring and connector
INS1866,V0192,MODEL_B,Plant_2,CMP0219,Temperature Sensor,Supplier_A,2026-03-30,TEMP_INV,Invalid Reading,Low,9.71,Fail,Replace or recalibrate sensor
INS1867,V0024,MODEL_C,Plant_2,CMP0213,Battery,Supplier_B,2026-07-31,,Overheating,High,75.14,Fail,Inspect cooling system
INS1868,V0051,MODEL_A,Plant_1,CMP0290,Battery,Supplier_B,2026-03-31,BAT_CELL,Cell Imbalance,Low,38.9,Fail,Inspect battery cells
INS1869,V0285,MODEL_A,Plant_2,CMP0187,Battery,Supplier_A,2026-05-18,BAT_CELL,Cell Imbalance,High,76.44,Fail,Inspect battery cells
INS1870,V0030,MODEL_B,Plant_2,CMP0192,Temperature Sensor,Supplier_B,2026-07-12,NO_SIG,No Signal,Medium,91.0,Fail,Check wiring and connector
INS1871,V0450,MODEL_C,Plant_1,CMP0094,Battery,Supplier_C,2026-03-25,BAT_TEMP,Overheating,Medium,60.85,Fail,Inspect cooling system
INS1872,V0181,MODEL_C,Plant_2,CMP0077,Brake Sensor,Supplier_C,2026-06-04,SIG_ERR,Signal Error,Low,93.62,Fail,Inspect sensor connection
INS1873,V0077,MODEL_B,Plant_3,CMP0017,Battery,Supplier_A,2026-08-07,BAT_TEMP,Overheating,Medium,38.58,Fail,Inspect cooling system
INS1874,V0469,MODEL_A,Plant_2,CMP0209,Brake Sensor,Supplier_B,2026-03-28,NO_SIG,No Signal,Low,33.44,Fail,Check wiring and connector
INS1875,V0103,MODEL_A,Plant_1,CMP0273,Brake Sensor,Supplier_B,2026-06-11,NO_SIG,No Signal,Low,83.41,Fail,Check wiring and connector
INS1876,V0198,MODEL_C,Plant_3,CMP0174,Battery,Supplier_B,2026-05-19,BAT_VOLT,Voltage Drop,Low,51.63,Fail,Check battery voltage
INS1877,V0333,MODEL_B,Plant_2,CMP0008,Battery,Supplier_C,2026-08-05,BAT_TEMP,Overheating,High,43.57,Fail,Inspect cooling system
INS1878,V0261,MODEL_A,Plant_2,CMP0029,Temperature Sensor,Supplier_A,2026-08-19,TEMP_DRIFT,Signal Drift,Medium,82.05,Fail,Perform sensor calibration
INS1879,V0398,MODEL_C,Plant_2,CMP0091,Temperature Sensor,Supplier_A,2026-05-02,TEMP_DRIFT,Signal Drift,Medium,25.35,Fail,Perform sensor calibration
INS1880,V0349,MODEL_A,Plant_2,CMP0249,Brake Sensor,Supplier_B,2026-06-26,SIG_ERR,Signal Error,Low,0.28,Fail,Inspect sensor connection
INS1881,V0492,MODEL_A,Plant_3,CMP0018,Battery,Supplier_C,2026-02-16,BAT_VOLT,Voltage Drop,Low,36.82,Fail,Check battery voltage
INS1882,V0287,MODEL_C,Plant_3,CMP0142,Brake Sensor,Supplier_A,2026-02-24,CAL_ERR,Calibration Error,Low,21.91,Fail,Recalibrate sensor
INS1883,V0053,MODEL_A,Plant_2,CMP0231,Temperature Sensor,Supplier_C,2026-05-17,TEMP_INV,Invalid Reading,Low,48.14,Fail,Replace or recalibrate sensor
INS1884,V0366,MODEL_A,Plant_1,CMP0139,Brake Sensor,Supplier_A,2026-01-06,CAL_ERR,Calibration Error,Low,98.34,Fail,Recalibrate sensor
INS1885,V0255,MODEL_B,Plant_2,CMP0179,Battery,Supplier_B,2026-04-06,BAT_TEMP,Overheating,Low,37.71,Fail,Inspect cooling system
INS1886,V0223,MODEL_A,Plant_2,CMP0167,Battery,Supplier_A,2026-08-14,BAT_TEMP,Overheating,Low,51.19,Fail,Inspect cooling system
INS1887,V0028,MODEL_A,Plant_3,CMP0068,Brake Sensor,Supplier_C,2026-05-05,NO_SIG,No Signal,Medium,16.45,Fail,Check wiring and connector
INS1888,V0297,MODEL_B,Plant_1,CMP0203,Brake Sensor,Supplier_C,2026-08-28,SIG_ERR,Signal Error,Medium,39.07,Fail,Inspect sensor connection
INS1889,V0125,MODEL_A,Plant_3,CMP0036,Brake Sensor,Supplier_B,2026-04-11,CAL_ERR,Calibration Error,High,22.68,Fail,Recalibrate sensor
INS1890,V0098,MODEL_C,Plant_2,CMP0289,Temperature Sensor,Supplier_B,2026-08-11,NO_SIG,No Signal,Medium,101.45,Fail,Check wiring and connector
INS1891,V0047,MODEL_A,Plant_1,CMP0066,Temperature Sensor,Supplier_A,2026-08-08,NO_SIG,No Signal,Medium,53.12,Fail,Check wiring and connector
INS1892,V0313,MODEL_A,Plant_2,CMP0091,Brake Sensor,Supplier_A,2026-05-07,NO_SIG,No Signal,Medium,58.94,Fail,Check wiring and connector
INS1893,V0422,MODEL_A,Plant_1,CMP0148,Battery,Supplier_C,2026-06-25,BAT_VOLT,Voltage Drop,High,57.44,Fail,Check battery voltage
INS1894,V0150,MODEL_B,Plant_3,CMP0153,Brake Sensor,Supplier_C,2026-07-20,SIG_ERR,Signal Error,Low,77.91,Fail,Inspect sensor connection
INS1895,V0232,MODEL_A,Plant_2,CMP0212,Battery,Supplier_A,2026-07-19,BAT_VOLT,Voltage Drop,Low,74.06,Fail,Check battery voltage
INS1896,V0439,MODEL_A,Plant_3,CMP0255,Brake Sensor,Supplier_C,2026-05-26,SIG_ERR,Signal Error,High,42.94,Fail,Inspect sensor connection
INS1897,V0391,MODEL_B,Plant_2,CMP0073,Battery,Supplier_B,2026-04-13,BAT_TEMP,Overheating,High,44.99,Fail,Inspect cooling system
INS1898,V0075,MODEL_B,Plant_2,CMP0087,Brake Sensor,Supplier_C,2026-01-12,NO_SIG,No Signal,Medium,34.74,Fail,Check wiring and connector
INS1899,V0299,MODEL_B,Plant_3,CMP0094,Battery,Supplier_C,2026-01-21,BAT_VOLT,Voltage Drop,High,68.39,Fail,Check battery voltage
INS1900,V0233,MODEL_C,Plant_2,CMP0026,Brake Sensor,Supplier_B,2026-04-25,SIG_ERR,Signal Error,Low,59.92,Fail,Inspect sensor connection
INS1901,V0364,MODEL_A,Plant_2,CMP0191,Brake Sensor,Supplier_B,2026-06-13,SIG_ERR,Signal Error,Medium,59.4,Fail,Inspect sensor connection
INS1902,V0359,MODEL_C,Plant_1,CMP0265,Battery,Supplier_B,2026-04-07,BAT_TEMP,Overheating,Medium,70.66,Fail,Inspect cooling system
INS1903,V0096,MODEL_A,Plant_2,CMP0054,Temperature Sensor,Supplier_A,2026-05-24,TEMP_INV,Invalid Reading,Low,40.36,Fail,Replace or recalibrate sensor
INS1904,V0271,MODEL_B,Plant_1,CMP0183,Brake Sensor,Supplier_A,2026-05-17,SIG_ERR,Signal Error,Medium,83.83,Fail,Inspect sensor connection
INS1905,V0401,MODEL_B,Plant_3,CMP0099,Battery,Supplier_C,2026-01-09,BAT_VOLT,Voltage Drop,Medium,53.23,Fail,Check battery voltage
INS1906,V0181,MODEL_C,Plant_3,CMP0167,Brake Sensor,Supplier_C,2026-01-06,NO_SIG,No Signal,Medium,27.72,Fail,Check wiring and connector
INS1907,V0193,MODEL_B,Plant_1,CMP0121,Brake Sensor,Supplier_A,2026-03-26,CAL_ERR,Calibration Error,High,20.34,Fail,Recalibrate sensor
INS1908,V0165,MODEL_A,Plant_1,CMP0234,Brake Sensor,Supplier_C,2026-05-07,CAL_ERR,Calibration Error,High,56.27,Fail,Recalibrate sensor
INS1909,V0177,MODEL_B,Plant_3,CMP0136,Brake Sensor,Supplier_C,2026-08-28,NO_SIG,No Signal,Low,5.84,Fail,Check wiring and connector
INS1910,V0320,MODEL_C,Plant_1,CMP0121,Temperature Sensor,Supplier_C,2026-04-21,TEMP_INV,Invalid Reading,Low,-16.13,Fail,Replace or recalibrate sensor
INS1911,V0467,MODEL_C,Plant_1,CMP0253,Brake Sensor,Supplier_C,2026-02-04,SIG_ERR,Signal Error,High,63.47,Fail,Inspect sensor connection
INS1912,V0388,MODEL_B,Plant_1,CMP0233,Battery,Supplier_A,2026-02-07,BAT_CELL,Cell Imbalance,Low,22.02,Fail,Inspect battery cells
INS1913,V0389,MODEL_A,Plant_1,CMP0251,Temperature Sensor,Supplier_A,2026-03-05,NO_SIG,No Signal,Low,16.18,Fail,Check wiring and connector
INS1914,V0412,MODEL_B,Plant_1,CMP0228,Temperature Sensor,Supplier_B,2026-05-04,NO_SIG,No Signal,High,65.51,Fail,Check wiring and connector
INS1915,V0443,MODEL_B,Plant_3,CMP0016,Temperature Sensor,Supplier_C,2026-02-05,NO_SIG,No Signal,High,-10.95,Fail,Check wiring and connector
INS1916,V0191,MODEL_C,Plant_2,CMP0169,Battery,Supplier_C,2026-01-01,BAT_VOLT,Voltage Drop,High,42.87,Fail,Check battery voltage
INS1917,V0350,MODEL_B,Plant_1,CMP0122,Temperature Sensor,Supplier_C,2026-02-27,TEMP_INV,Invalid Reading,Low,63.48,Fail,Replace or recalibrate sensor
INS1918,V0317,MODEL_B,Plant_1,CMP0230,Brake Sensor,Supplier_B,2026-01-03,SIG_ERR,Signal Error,Low,5.28,Fail,Inspect sensor connection
INS1919,V0434,MODEL_A,Plant_1,CMP0088,Temperature Sensor,Supplier_B,2026-02-09,TEMP_DRIFT,Signal Drift,Medium,46.43,Fail,Perform sensor calibration
INS1920,V0197,MODEL_A,Plant_3,CMP0002,Brake Sensor,Supplier_C,2026-01-29,CAL_ERR,Calibration Error,Medium,39.82,Fail,Recalibrate sensor
INS1921,V0195,MODEL_B,Plant_2,CMP0028,Brake Sensor,Supplier_C,2026-03-06,SIG_ERR,Signal Error,Low,42.31,Fail,Inspect sensor connection
INS1922,V0349,MODEL_A,Plant_1,CMP0186,Brake Sensor,Supplier_B,2026-05-14,CAL_ERR,Calibration Error,Low,2.75,Fail,Recalibrate sensor
INS1923,V0128,MODEL_C,Plant_3,CMP0232,Battery,Supplier_A,2026-03-01,BAT_VOLT,Voltage Drop,Low,37.69,Fail,Check battery voltage
INS1924,V0441,MODEL_A,Plant_3,CMP0283,Battery,Supplier_B,2026-02-17,BAT_VOLT,Voltage Drop,High,50.14,Fail,Check battery voltage
INS1925,V0096,MODEL_B,Plant_3,CMP0270,Brake Sensor,Supplier_A,2026-03-18,NO_SIG,No Signal,High,76.34,Fail,Check wiring and connector
INS1926,V0188,MODEL_A,Plant_2,CMP0267,Temperature Sensor,Supplier_C,2026-02-19,TEMP_DRIFT,Signal Drift,Low,102.55,Fail,Perform sensor calibration
INS1927,V0351,MODEL_A,Plant_2,CMP0199,Temperature Sensor,,2026-04-09,TEMP_DRIFT,Signal Drift,Medium,10.59,Fail,Perform sensor calibration
INS1928,V0096,MODEL_A,Plant_1,CMP0286,Battery,Supplier_B,2026-07-22,BAT_TEMP,Overheating,Low,79.31,Fail,Inspect cooling system
INS1929,V0112,MODEL_B,Plant_2,CMP0090,Battery,Supplier_C,2026-05-02,BAT_TEMP,Overheating,Medium,23.83,Fail,Inspect cooling system
INS1930,V0072,MODEL_B,Plant_1,CMP0048,Battery,Supplier_C,2026-03-28,BAT_CELL,Cell Imbalance,Low,31.74,Fail,Inspect battery cells
INS1931,V0492,MODEL_B,Plant_1,CMP0006,Battery,Supplier_C,2026-06-27,BAT_VOLT,Voltage Drop,Low,78.89,Fail,Check battery voltage
INS1932,V0212,MODEL_B,Plant_1,CMP0023,Temperature Sensor,Supplier_C,2026-07-15,TEMP_INV,Invalid Reading,High,9.67,Fail,Replace or recalibrate sensor
INS1933,V0085,MODEL_C,Plant_1,CMP0260,Brake Sensor,Supplier_A,2026-06-14,SIG_ERR,Signal Error,High,58.08,Fail,Inspect sensor connection
INS1934,V0023,MODEL_C,Plant_2,CMP0045,Temperature Sensor,Supplier_B,2026-08-10,NO_SIG,No Signal,Medium,36.77,Fail,Check wiring and connector
INS1935,V0347,MODEL_C,Plant_2,CMP0216,Temperature Sensor,Supplier_C,2026-05-13,TEMP_INV,Invalid Reading,Medium,27.23,Fail,Replace or recalibrate sensor
INS1936,V0365,MODEL_B,Plant_3,CMP0013,Temperature Sensor,Supplier_B,2026-08-19,NO_SIG,No Signal,Medium,45.2,Fail,Check wiring and connector
INS1937,V0314,MODEL_A,Plant_1,CMP0096,Battery,Supplier_A,2026-03-15,BAT_VOLT,Voltage Drop,Low,49.22,Fail,Check battery voltage
INS1938,V0353,MODEL_B,Plant_3,CMP0215,Temperature Sensor,Supplier_B,2026-06-11,TEMP_INV,Invalid Reading,Low,1.18,Fail,Replace or recalibrate sensor
INS1939,V0209,MODEL_A,Plant_2,CMP0041,Battery,Supplier_B,2026-04-12,BAT_TEMP,Overheating,Low,46.43,Fail,Inspect cooling system
INS1940,V0112,MODEL_A,Plant_2,CMP0133,Battery,Supplier_A,2026-03-04,BAT_CELL,Cell Imbalance,High,78.18,Fail,Inspect battery cells
INS1941,V0104,MODEL_B,Plant_1,CMP0300,Temperature Sensor,Supplier_C,2026-03-28,TEMP_DRIFT,Signal Drift,Low,16.1,Fail,Perform sensor calibration
INS1942,V0124,MODEL_B,Plant_1,CMP0140,Temperature Sensor,Supplier_B,2026-08-14,NO_SIG,No Signal,Low,-14.37,Fail,Check wiring and connector
INS1943,V0102,MODEL_B,Plant_1,CMP0266,Temperature Sensor,Supplier_B,2026-06-12,TEMP_DRIFT,Signal Drift,Medium,83.7,Fail,Perform sensor calibration
INS1944,V0233,MODEL_A,Plant_3,CMP0223,Temperature Sensor,Supplier_A,2026-03-19,TEMP_DRIFT,Signal Drift,High,53.12,Fail,Perform sensor calibration
INS1945,V0339,MODEL_B,Plant_2,CMP0262,Temperature Sensor,Supplier_C,2026-04-11,NO_SIG,No Signal,High,103.48,Fail,Check wiring and connector
INS1946,V0376,MODEL_B,Plant_1,CMP0265,Brake Sensor,Supplier_B,2026-07-14,SIG_ERR,Signal Error,Low,12.38,Fail,Inspect sensor connection
INS1947,V0374,MODEL_B,Plant_2,CMP0220,Temperature Sensor,Supplier_C,2026-04-28,NO_SIG,No Signal,Medium,75.12,Fail,Check wiring and connector
INS1948,V0409,MODEL_C,Plant_2,CMP0155,Brake Sensor,Supplier_C,2026-08-26,NO_SIG,No Signal,Medium,96.17,Fail,Check wiring and connector
INS1949,V0478,MODEL_B,Plant_2,CMP0138,Battery,Supplier_B,2026-07-29,BAT_CELL,Cell Imbalance,High,36.54,Fail,Inspect battery cells
INS1950,V0309,MODEL_C,Plant_3,CMP0014,Temperature Sensor,Supplier_B,2026-02-11,TEMP_INV,Invalid Reading,Medium,86.22,Fail,Replace or recalibrate sensor
INS1951,V0002,MODEL_B,Plant_2,CMP0058,Temperature Sensor,Supplier_C,2026-08-12,TEMP_DRIFT,Signal Drift,High,15.42,Fail,Perform sensor calibration
INS1952,V0500,MODEL_C,Plant_1,CMP0276,Temperature Sensor,Supplier_B,2026-07-02,,No Signal,High,102.1,Fail,Check wiring and connector
INS1953,V0387,MODEL_A,Plant_2,CMP0007,Battery,Supplier_B,2026-03-23,BAT_TEMP,Overheating,Medium,38.66,Fail,Inspect cooling system
INS1954,V0161,MODEL_C,Plant_1,CMP0196,Brake Sensor,Supplier_B,2026-08-26,NO_SIG,No Signal,Medium,50.31,Fail,Check wiring and connector
INS1955,V0162,MODEL_A,Plant_1,CMP0040,Brake Sensor,Supplier_C,2026-03-31,SIG_ERR,Signal Error,Medium,7.86,Fail,Inspect sensor connection
INS1956,V0066,MODEL_A,Plant_3,CMP0251,Brake Sensor,Supplier_A,2026-05-28,NO_SIG,No Signal,High,63.44,Fail,Check wiring and connector
INS1957,V0119,MODEL_B,Plant_1,CMP0068,Temperature Sensor,Supplier_A,2026-01-14,TEMP_INV,Invalid Reading,Low,49.68,Fail,Replace or recalibrate sensor
INS1958,V0091,MODEL_A,Plant_2,CMP0052,Temperature Sensor,Supplier_A,2026-05-14,,Invalid Reading,Low,14.47,Fail,Replace or recalibrate sensor
INS1959,V0428,MODEL_C,Plant_1,CMP0239,Brake Sensor,Supplier_B,2026-01-23,NO_SIG,No Signal,Critical,81.8,Fail,Check wiring and connector
INS1960,V0448,MODEL_C,Plant_2,CMP0209,Temperature Sensor,Supplier_B,2026-07-27,TEMP_INV,Invalid Reading,Low,31.53,Fail,Replace or recalibrate sensor
INS1961,V0459,MODEL_A,Plant_2,CMP0110,Brake Sensor,,2026-05-02,SIG_ERR,Signal Error,Low,60.99,Fail,Inspect sensor connection
INS1962,V0468,MODEL_C,Plant_3,CMP0145,Brake Sensor,Supplier_C,2026-08-28,NO_SIG,No Signal,High,99.78,Fail,Check wiring and connector
INS1963,V0125,MODEL_C,Plant_1,CMP0300,Battery,Supplier_C,2026-08-23,BAT_CELL,Cell Imbalance,Low,70.91,Fail,Inspect battery cells
INS1964,V0338,MODEL_C,Plant_3,CMP0245,Temperature Sensor,Supplier_A,2026-05-25,NO_SIG,No Signal,Medium,68.06,Fail,Check wiring and connector
INS1965,V0055,MODEL_A,Plant_3,CMP0104,Battery,Supplier_C,2026-08-03,BAT_CELL,Cell Imbalance,High,67.51,Fail,Inspect battery cells
INS1966,V0445,MODEL_B,Plant_1,CMP0146,Brake Sensor,Supplier_B,2026-04-14,NO_SIG,No Signal,Medium,92.59,Fail,Check wiring and connector
INS1967,V0272,MODEL_B,Plant_3,CMP0269,Brake Sensor,Supplier_A,2026-05-09,NO_SIG,No Signal,Low,42.48,Fail,Check wiring and connector
INS1968,V0266,MODEL_C,Plant_3,CMP0271,Battery,Supplier_B,2026-04-23,BAT_CELL,Cell Imbalance,Low,73.12,Fail,Inspect battery cells
INS1969,V0156,MODEL_C,Plant_1,CMP0296,Brake Sensor,Supplier_A,2026-04-08,SIG_ERR,Signal Error,Medium,47.97,Fail,Inspect sensor connection
INS1970,V0164,MODEL_C,Plant_3,CMP0270,Brake Sensor,Supplier_A,2026-02-08,CAL_ERR,Calibration Error,Medium,61.77,Fail,Recalibrate sensor
INS1971,V0050,MODEL_B,Plant_3,CMP0250,Brake Sensor,Supplier_C,2026-01-01,SIG_ERR,Signal Error,Medium,87.88,Fail,Inspect sensor connection
INS1972,V0148,MODEL_C,Plant_2,CMP0284,Battery,Supplier_B,2026-05-14,BAT_TEMP,Overheating,Medium,43.71,Fail,Inspect cooling system
INS1973,V0305,MODEL_C,Plant_2,CMP0270,Battery,Supplier_A,2026-04-23,BAT_TEMP,Overheating,Low,57.07,Fail,Inspect cooling system
INS1974,V0029,MODEL_A,Plant_1,CMP0202,Battery,Supplier_A,2026-07-24,BAT_TEMP,Overheating,Medium,74.49,Fail,Inspect cooling system
INS1975,V0200,MODEL_C,Plant_2,CMP0295,Temperature Sensor,Supplier_C,2026-04-18,NO_SIG,No Signal,High,9.13,Fail,Check wiring and connector
INS1976,V0356,MODEL_B,Plant_1,CMP0113,Temperature Sensor,Supplier_A,2026-04-19,NO_SIG,No Signal,High,9.49,Fail,Check wiring and connector
INS1977,V0484,MODEL_B,Plant_1,CMP0296,Temperature Sensor,Supplier_C,2026-03-23,NO_SIG,No Signal,High,49.68,Fail,Check wiring and connector
INS1978,V0005,MODEL_A,Plant_1,CMP0100,Battery,,2026-08-10,BAT_TEMP,Overheating,High,43.22,Fail,Inspect cooling system
INS1979,V0359,MODEL_B,Plant_2,CMP0261,Temperature Sensor,Supplier_B,2026-08-21,TEMP_INV,Invalid Reading,Low,39.0,Fail,Replace or recalibrate sensor
INS1980,V0349,MODEL_C,Plant_1,CMP0079,Brake Sensor,Supplier_B,2026-07-18,CAL_ERR,Calibration Error,Medium,48.31,Fail,Recalibrate sensor
INS1981,V0022,MODEL_B,Plant_1,CMP0200,Brake Sensor,Supplier_A,2026-02-18,CAL_ERR,Calibration Error,High,34.17,Fail,Recalibrate sensor
INS1982,V0239,MODEL_A,Plant_3,CMP0268,Battery,Supplier_C,2026-08-14,BAT_CELL,Cell Imbalance,Low,38.85,Fail,Inspect battery cells
INS1983,V0183,MODEL_A,Plant_3,CMP0276,Battery,Supplier_A,2026-02-10,BAT_CELL,Cell Imbalance,Low,41.83,Fail,Inspect battery cells
INS1984,V0464,MODEL_B,Plant_1,CMP0261,Brake Sensor,Supplier_B,2026-04-21,CAL_ERR,Calibration Error,Medium,9.62,Fail,Recalibrate sensor
INS1985,V0256,MODEL_A,Plant_2,CMP0138,Brake Sensor,Supplier_A,2026-05-11,NO_SIG,No Signal,Medium,85.19,Fail,Check wiring and connector
INS1986,V0022,MODEL_A,Plant_2,CMP0059,Brake Sensor,Supplier_A,2026-04-14,SIG_ERR,Signal Error,Low,42.87,Fail,Inspect sensor connection
INS1987,V0113,MODEL_C,Plant_3,CMP0075,Temperature Sensor,Supplier_C,2026-03-23,TEMP_DRIFT,Signal Drift,Medium,66.62,Fail,Perform sensor calibration
INS1988,V0436,MODEL_C,Plant_2,CMP0209,Temperature Sensor,Supplier_B,2026-01-05,TEMP_INV,Invalid Reading,Medium,69.52,Fail,Replace or recalibrate sensor
INS1989,V0450,MODEL_A,Plant_2,CMP0040,Temperature Sensor,Supplier_B,2026-04-19,TEMP_DRIFT,Signal Drift,Low,110.06,Fail,Perform sensor calibration
INS1990,V0001,MODEL_C,Plant_3,CMP0236,Battery,Supplier_A,2026-01-29,BAT_TEMP,Overheating,High,50.86,Fail,Inspect cooling system
INS1991,V0288,MODEL_B,Plant_3,CMP0005,Battery,Supplier_A,2026-05-19,BAT_VOLT,Voltage Drop,High,58.02,Fail,Check battery voltage
INS1992,V0211,MODEL_C,Plant_1,CMP0276,Brake Sensor,Supplier_B,2026-08-28,NO_SIG,No Signal,Low,9999.0,Fail,Check wiring and connector
INS1993,V0412,MODEL_B,Plant_3,CMP0271,Temperature Sensor,Supplier_C,2026-04-16,NO_SIG,No Signal,High,57.7,Fail,Check wiring and connector
INS1994,V0226,MODEL_C,Plant_1,CMP0260,Temperature Sensor,Supplier_A,2026-08-05,TEMP_DRIFT,Signal Drift,Medium,85.98,Fail,Perform sensor calibration
INS1995,V0356,MODEL_C,Plant_2,CMP0051,Brake Sensor,Supplier_C,2026-06-15,NO_SIG,No Signal,Medium,28.65,Fail,Check wiring and connector
INS1996,V0150,MODEL_B,Plant_2,CMP0271,Brake Sensor,Supplier_B,2026-04-04,SIG_ERR,Signal Error,High,17.89,Fail,Inspect sensor connection
INS1997,V0267,MODEL_C,Plant_1,CMP0277,Temperature Sensor,Supplier_C,2026-01-20,TEMP_DRIFT,Signal Drift,Medium,34.27,Fail,Perform sensor calibration
INS1998,V0185,MODEL_C,Plant_2,CMP0211,Brake Sensor,Supplier_A,2026-07-21,CAL_ERR,Calibration Error,Low,25.56,Fail,Recalibrate sensor
INS1999,V0249,MODEL_A,Plant_1,CMP0220,Brake Sensor,Supplier_B,2026-03-18,CAL_ERR,Calibration Error,High,17.03,Fail,Recalibrate sensor
INS2000,V0403,MODEL_B,Plant_2,CMP0295,Temperature Sensor,Supplier_C,2026-03-29,NO_SIG,No Signal,Low,103.2,Fail,Check wiring and connector
INS0675,V0385,MODEL_C,Plant_1,CMP0017,Brake Sensor,,2026-08-05,NO_SIG,No Signal,High,97.13,Fail,Check wiring and connector
INS1700,V0477,MODEL_B,Plant_2,CMP0051,Temperature Sensor,,2026-07-23,TEMP_INV,Invalid Reading,High,68.16,Fail,Replace or recalibrate sensor
INS1283,V0104,MODEL_A,Plant_2,CMP0208,Battery,,2026-05-24,BAT_VOLT,Voltage Drop,Low,25.76,Fail,Check battery voltage
INS1316,V0031,MODEL_C,Plant_2,CMP0084,Battery,,2026-05-14,BAT_CELL,Cell Imbalance,High,68.39,Fail,Inspect battery cells
INS1211,V0397,MODEL_A,Plant_1,CMP0154,Temperature Sensor,,2026-06-16,NO_SIG,No Signal,Low,42.13,Fail,Check wiring and connector
INS1637,V0264,MODEL_B,Plant_3,CMP0087,Battery,,2026-07-19,BAT_TEMP,Overheating,High,48.27,Fail,Inspect cooling system
INS0614,V0453,MODEL_B,Plant_2,CMP0164,Brake Sensor,,2026-03-10,SIG_ERR,Signal Error,Medium,6.85,Fail,Inspect sensor connection
INS0448,V0173,MODEL_C,Plant_2,CMP0092,Brake Sensor,,2026-06-22,SIG_ERR,Signal Error,Low,57.95,Fail,Inspect sensor connection
INS1132,V0366,MODEL_B,Plant_2,CMP0271,Temperature Sensor,,2026-04-14,TEMP_INV,Invalid Reading,Low,109.3,Fail,Replace or recalibrate sensor
INS0809,V0341,MODEL_A,Plant_2,CMP0276,Battery,,2026-07-22,BAT_VOLT,Voltage Drop,High,30.14,Fail,Check battery voltage
INS1497,V0307,MODEL_C,Plant_3,CMP0104,Temperature Sensor,,2026-07-08,TEMP_DRIFT,Signal Drift,High,-1.16,Fail,Perform sensor calibration
INS1469,V0097,MODEL_A,Plant_2,CMP0207,Battery,,2026-01-27,BAT_TEMP,Overheating,High,46.8,Fail,Inspect cooling system
INS1683,V0461,MODEL_A,Plant_2,CMP0014,Brake Sensor,,2026-02-02,SIG_ERR,Signal Error,Low,76.33,Fail,Inspect sensor connection
INS1150,V0449,MODEL_C,Plant_3,CMP0223,Brake Sensor,,2026-04-07,SIG_ERR,Signal Error,Low,80.62,Fail,Inspect sensor connection
INS0443,V0321,MODEL_C,Plant_2,CMP0067,Temperature Sensor,,2026-01-28,TEMP_INV,Invalid Reading,High,38.17,Fail,Replace or recalibrate sensor
INS1814,V0454,MODEL_C,Plant_1,CMP0070,Temperature Sensor,,2026-06-24,NO_SIG,No Signal,High,87.67,Fail,Check wiring and connector
INS0655,V0175,MODEL_B,Plant_1,CMP0063,Temperature Sensor,,2026-03-23,TEMP_DRIFT,Signal Drift,Low,-3.36,Fail,Perform sensor calibration
INS1265,V0338,MODEL_B,Plant_2,CMP0086,Temperature Sensor,,2026-02-27,TEMP_INV,Invalid Reading,Medium,63.45,Fail,Replace or recalibrate sensor
INS0859,V0372,MODEL_A,Plant_1,CMP0150,Battery,,2026-01-03,BAT_VOLT,Voltage Drop,High,70.07,Fail,Check battery voltage
INS1483,V0083,MODEL_A,Plant_1,CMP0279,Battery,,2026-02-28,BAT_TEMP,Overheating,Medium,45.3,Fail,Inspect cooling system
